SET session_replication_role = replica;

--
-- PostgreSQL database dump
--

-- \restrict SodLbsv3BGPaofdH1CT1kt2JLcKAeZHeYFSP3xnQ46YH3xarzKgIKmoVYCFsukq

-- Dumped from database version 17.6
-- Dumped by pg_dump version 17.6

SET statement_timeout = 0;
SET lock_timeout = 0;
SET idle_in_transaction_session_timeout = 0;
SET transaction_timeout = 0;
SET client_encoding = 'UTF8';
SET standard_conforming_strings = on;
SELECT pg_catalog.set_config('search_path', '', false);
SET check_function_bodies = false;
SET xmloption = content;
SET client_min_messages = warning;
SET row_security = off;

--
-- Data for Name: audit_log_entries; Type: TABLE DATA; Schema: auth; Owner: supabase_auth_admin
--



--
-- Data for Name: custom_oauth_providers; Type: TABLE DATA; Schema: auth; Owner: supabase_auth_admin
--



--
-- Data for Name: flow_state; Type: TABLE DATA; Schema: auth; Owner: supabase_auth_admin
--



--
-- Data for Name: users; Type: TABLE DATA; Schema: auth; Owner: supabase_auth_admin
--

INSERT INTO "auth"."users" ("instance_id", "id", "aud", "role", "email", "encrypted_password", "email_confirmed_at", "invited_at", "confirmation_token", "confirmation_sent_at", "recovery_token", "recovery_sent_at", "email_change_token_new", "email_change", "email_change_sent_at", "last_sign_in_at", "raw_app_meta_data", "raw_user_meta_data", "is_super_admin", "created_at", "updated_at", "phone", "phone_confirmed_at", "phone_change", "phone_change_token", "phone_change_sent_at", "email_change_token_current", "email_change_confirm_status", "banned_until", "reauthentication_token", "reauthentication_sent_at", "is_sso_user", "deleted_at", "is_anonymous") VALUES
	('00000000-0000-0000-0000-000000000000', '9481e1f2-df83-4e57-b4e2-81ec4e4cd9f7', 'authenticated', 'authenticated', 'canteenmedal@gmail.com', '$2a$10$2a76lZbPFbdoTOH7Pw7gcuf0d0r7nxNHS179nSrAvSL1IC4hNLjn6', NULL, NULL, '', NULL, '', NULL, '', '', NULL, NULL, '{"provider": "email", "providers": ["email"]}', '{}', NULL, '2026-06-08 10:08:54.002872+00', '2026-06-08 10:08:54.016218+00', NULL, NULL, '', '', NULL, '', 0, NULL, '', NULL, false, NULL, false);


--
-- Data for Name: identities; Type: TABLE DATA; Schema: auth; Owner: supabase_auth_admin
--

INSERT INTO "auth"."identities" ("provider_id", "user_id", "identity_data", "provider", "last_sign_in_at", "created_at", "updated_at", "id") VALUES
	('9481e1f2-df83-4e57-b4e2-81ec4e4cd9f7', '9481e1f2-df83-4e57-b4e2-81ec4e4cd9f7', '{"sub": "9481e1f2-df83-4e57-b4e2-81ec4e4cd9f7", "email": "canteenmedal@gmail.com", "email_verified": false, "phone_verified": false}', 'email', '2026-06-08 10:08:54.01299+00', '2026-06-08 10:08:54.013048+00', '2026-06-08 10:08:54.013048+00', '8e1cc071-88b8-4568-9d15-c93ff060ed15');


--
-- Data for Name: instances; Type: TABLE DATA; Schema: auth; Owner: supabase_auth_admin
--



--
-- Data for Name: oauth_clients; Type: TABLE DATA; Schema: auth; Owner: supabase_auth_admin
--



--
-- Data for Name: sessions; Type: TABLE DATA; Schema: auth; Owner: supabase_auth_admin
--



--
-- Data for Name: mfa_amr_claims; Type: TABLE DATA; Schema: auth; Owner: supabase_auth_admin
--



--
-- Data for Name: mfa_factors; Type: TABLE DATA; Schema: auth; Owner: supabase_auth_admin
--



--
-- Data for Name: mfa_challenges; Type: TABLE DATA; Schema: auth; Owner: supabase_auth_admin
--



--
-- Data for Name: oauth_authorizations; Type: TABLE DATA; Schema: auth; Owner: supabase_auth_admin
--



--
-- Data for Name: oauth_client_states; Type: TABLE DATA; Schema: auth; Owner: supabase_auth_admin
--



--
-- Data for Name: oauth_consents; Type: TABLE DATA; Schema: auth; Owner: supabase_auth_admin
--



--
-- Data for Name: one_time_tokens; Type: TABLE DATA; Schema: auth; Owner: supabase_auth_admin
--



--
-- Data for Name: refresh_tokens; Type: TABLE DATA; Schema: auth; Owner: supabase_auth_admin
--



--
-- Data for Name: sso_providers; Type: TABLE DATA; Schema: auth; Owner: supabase_auth_admin
--



--
-- Data for Name: saml_providers; Type: TABLE DATA; Schema: auth; Owner: supabase_auth_admin
--



--
-- Data for Name: saml_relay_states; Type: TABLE DATA; Schema: auth; Owner: supabase_auth_admin
--



--
-- Data for Name: sso_domains; Type: TABLE DATA; Schema: auth; Owner: supabase_auth_admin
--



--
-- Data for Name: webauthn_challenges; Type: TABLE DATA; Schema: auth; Owner: supabase_auth_admin
--



--
-- Data for Name: webauthn_credentials; Type: TABLE DATA; Schema: auth; Owner: supabase_auth_admin
--



--
-- Data for Name: solvent; Type: TABLE DATA; Schema: public; Owner: postgres
--

INSERT INTO "public"."solvent" ("solvent_id", "canonical_name", "cas_number", "refchem_id", "is_mixture", "note", "is_deleted", "deleted_at") VALUES
	('SOLV-00001', 'propanone', '67-64-1', '6608', false, NULL, false, NULL),
	('SOLV-00002', 'benzene', '71-43-2', '6619', false, NULL, false, NULL),
	('SOLV-00003', 'benzyl alcohol', '100-51-6', '6391', false, NULL, false, NULL),
	('SOLV-00004', 'n-butyl alcohol', '71-36-3', '6600', false, 'eye irritant, ototoxic=hearing damage', false, NULL),
	('SOLV-00005', '2-ethoxyethanol', '110-80-5', '86840', false, NULL, false, NULL),
	('SOLV-00006', '2-ethoxyethyl acetate', '111-15-9', '596630', false, NULL, false, NULL),
	('SOLV-00007', 'trichloromethane', '67-66-3', '6629', false, NULL, false, NULL),
	('SOLV-00008', 'cyclohexane', '110-82-7', '6634', false, NULL, false, NULL),
	('SOLV-00009', 'cyclohexanone', '108-94-1', '129639', false, NULL, false, NULL),
	('SOLV-00010', 'diacetone alcohol', '123-42-2', '5741', false, NULL, false, NULL),
	('SOLV-00011', '1,2 dichloroethane', '107-06-2', '71863', false, NULL, false, NULL),
	('SOLV-00012', 'N,N-dimethylformamide', '68-12-2', '6648', false, NULL, false, NULL),
	('SOLV-00013', 'ethanol', '64-17-5', '60', false, NULL, false, NULL),
	('SOLV-00014', 'ethyl acetate', '141-78-6', '6637', false, NULL, false, NULL),
	('SOLV-00015', 'n-heptane', '142-82-5', '6645', false, 'Environmental Hazard', false, NULL),
	('SOLV-00016', 'n-hexane', '110-54-3', '6658', false, 'Environmental Hazard', false, NULL),
	('SOLV-00017', 'isoamyl acetate', '123-92-2', '5908', false, NULL, false, NULL),
	('SOLV-00018', 'isopropanol', '67-63-0', '6650', false, NULL, false, NULL),
	('SOLV-00019', 'methanol', '67-56-1', '100', false, 'Acute toxic', false, NULL),
	('SOLV-00020', 'methyl isobutyl ketone', '108-10-1', '6022', false, NULL, false, NULL),
	('SOLV-00021', 'dichloromethane', '75-09-2', '6698', false, NULL, false, NULL),
	('SOLV-00022', 'methylethylketone', '78-93-3', '6655', false, NULL, false, NULL),
	('SOLV-00023', 'mineral spirits', '8052-41-3', '4726', true, 'Stoddard solvent', false, NULL),
	('SOLV-00024', 'n-octane', '111-65-9', '6664', false, 'Environmental hazard', false, NULL),
	('SOLV-00025', '1-propanol', '71-23-8', '6601', false, NULL, false, NULL),
	('SOLV-00026', 'Pyridine', '110-86-1', '53624', false, NULL, false, NULL),
	('SOLV-00027', 'tetrahydrofuran', '109-99-9', '932807', false, NULL, false, NULL),
	('SOLV-00028', 'toluene', '108-88-3', '6695', false, NULL, false, NULL),
	('SOLV-00029', '1-1-1-trichloromethane', '71-55-6', '70852', false, NULL, false, NULL),
	('SOLV-00030', 'turpentine', '8006-64-2', '933658', true, 'No clear record on pubchem', false, NULL),
	('SOLV-00031', 'petroleum spirit', '8032-32-4', NULL, true, 'VM&P Naphtha is a refined petroleum solvent predominantly C7-C11 which is typically 55% paraffins, 30% monocycloparaffins, 2% dicycloparaffins & 12% alkylbenzenes.', false, NULL),
	('SOLV-00032', 'dihydrogen oxide', '7732-18-5', NULL, false, NULL, false, NULL),
	('SOLV-00033', 'xylene', NULL, '71', true, '3 possible isomers, m-xylene, o-xylene, p-xylene and mixed xylene [95-47-6][108-38-3][106-42-3][1330-20-7]', false, NULL);


--
-- Data for Name: alias; Type: TABLE DATA; Schema: public; Owner: postgres
--

INSERT INTO "public"."alias" ("alias_id", "solvent_id", "alias_name", "alias_type") VALUES
	('ALIAS-00001', 'SOLV-00001', 'acetone', 'common'),
	('ALIAS-00002', 'SOLV-00001', '2-propanone', 'synonym'),
	('ALIAS-00003', 'SOLV-00001', 'propane-2-one', 'synonym'),
	('ALIAS-00004', 'SOLV-00001', 'dimethyl ketone', 'synonym'),
	('ALIAS-00005', 'SOLV-00001', 'methylketone', 'synonym'),
	('ALIAS-00006', 'SOLV-00002', 'benzol', 'historical'),
	('ALIAS-00007', 'SOLV-00002', 'cyclohexatriene', 'synonym'),
	('ALIAS-00008', 'SOLV-00002', 'pyrobenzole', 'historical'),
	('ALIAS-00009', 'SOLV-00002', 'coal naphtha', 'historical'),
	('ALIAS-00010', 'SOLV-00003', 'benzyl alcohol', 'common'),
	('ALIAS-00011', 'SOLV-00003', 'phenylmethanol', 'IUPAC'),
	('ALIAS-00012', 'SOLV-00003', 'benzoyl alcohol', 'synonym'),
	('ALIAS-00013', 'SOLV-00003', 'hydroxytoluene', 'synonym'),
	('ALIAS-00014', 'SOLV-00003', 'benzenemethanol', 'synonym'),
	('ALIAS-00015', 'SOLV-00004', '1-butanol', 'IUPAC'),
	('ALIAS-00016', 'SOLV-00004', 'butan-1-ol', 'IUPAC'),
	('ALIAS-00017', 'SOLV-00004', 'n-butanol', 'common'),
	('ALIAS-00018', 'SOLV-00004', 'propylcarbinol', 'synonym'),
	('ALIAS-00019', 'SOLV-00004', 'propylmethanol', 'synonym'),
	('ALIAS-00020', 'SOLV-00005', 'cellosolve', 'trade'),
	('ALIAS-00021', 'SOLV-00005', 'glycol monoethyl ether', 'synonym'),
	('ALIAS-00022', 'SOLV-00005', 'ethyl cellosolve', 'trade'),
	('ALIAS-00023', 'SOLV-00006', 'cellosolve acetate', 'trade'),
	('ALIAS-00024', 'SOLV-00006', 'oxitol acetate', 'trade'),
	('ALIAS-00025', 'SOLV-00006', '2-ethoxyethanol acetate', 'IUPAC'),
	('ALIAS-00026', 'SOLV-00006', 'ethyl cellosolve acetate', 'trade'),
	('ALIAS-00027', 'SOLV-00007', 'chloroform', 'common'),
	('ALIAS-00028', 'SOLV-00007', 'trichloroform', 'synonym'),
	('ALIAS-00029', 'SOLV-00007', 'formyl trichloride', 'historical'),
	('ALIAS-00030', 'SOLV-00008', 'cyclohexane', 'IUPAC'),
	('ALIAS-00031', 'SOLV-00008', 'hexamethylene', 'synonym'),
	('ALIAS-00032', 'SOLV-00008', 'hexahydrobenzene', 'synonym'),
	('ALIAS-00033', 'SOLV-00008', 'hexanaphthene', 'synonym'),
	('ALIAS-00034', 'SOLV-00009', 'cyclohexanone', 'IUPAC'),
	('ALIAS-00035', 'SOLV-00009', 'pimelic ketone', 'synonym'),
	('ALIAS-00036', 'SOLV-00010', 'diacetone alcohol', 'common'),
	('ALIAS-00037', 'SOLV-00010', '4-hydroxy-4-methylpentane-2-one', 'IUPAC'),
	('ALIAS-00038', 'SOLV-00010', 'diacetone', 'synonym'),
	('ALIAS-00039', 'SOLV-00011', 'ethylene dichloride', 'IUPAC'),
	('ALIAS-00040', 'SOLV-00011', 'ethylene chloride', 'synonym'),
	('ALIAS-00041', 'SOLV-00011', 'glycol dichloride', 'synonym'),
	('ALIAS-00042', 'SOLV-00012', 'dimethyl formamide', 'IUPAC'),
	('ALIAS-00043', 'SOLV-00012', 'n-formyldimethylamine', 'IUPAC'),
	('ALIAS-00044', 'SOLV-00012', 'dmfa', 'abbreviation'),
	('ALIAS-00045', 'SOLV-00013', 'ethanol', 'common'),
	('ALIAS-00046', 'SOLV-00013', 'ethyl alcohol', 'common'),
	('ALIAS-00047', 'SOLV-00013', 'alcohol', 'common'),
	('ALIAS-00048', 'SOLV-00013', 'methylcarbinol', 'synonym'),
	('ALIAS-00049', 'SOLV-00014', 'ethyl acetate', 'common'),
	('ALIAS-00050', 'SOLV-00014', 'ethyl ethanoate', 'IUPAC'),
	('ALIAS-00051', 'SOLV-00014', 'acetic acid ethyl ester', 'synonym'),
	('ALIAS-00052', 'SOLV-00014', 'acetoxyethane', 'synonym'),
	('ALIAS-00053', 'SOLV-00014', 'acetic ether', 'synonym'),
	('ALIAS-00054', 'SOLV-00015', 'heptane', 'IUPAC'),
	('ALIAS-00055', 'SOLV-00015', 'heptyl hydride', 'synonym'),
	('ALIAS-00056', 'SOLV-00015', 'dipropyl methane', 'synonym'),
	('ALIAS-00057', 'SOLV-00015', 'dipropylmethane', 'synonym'),
	('ALIAS-00058', 'SOLV-00016', 'hexane', 'IUPAC'),
	('ALIAS-00059', 'SOLV-00016', 'dipropyl', 'synonym'),
	('ALIAS-00060', 'SOLV-00017', 'isoamyl acetate', 'common'),
	('ALIAS-00061', 'SOLV-00017', '3-methylbutyl acetate', 'IUPAC'),
	('ALIAS-00062', 'SOLV-00017', 'isopentyl acetate', 'common'),
	('ALIAS-00063', 'SOLV-00017', 'isopentyl ethanoate', 'IUPAC'),
	('ALIAS-00064', 'SOLV-00018', 'isopropyl alcohol', 'common'),
	('ALIAS-00065', 'SOLV-00018', '2-propanol', 'IUPAC'),
	('ALIAS-00066', 'SOLV-00018', '2-hydroxypropane', 'IUPAC'),
	('ALIAS-00067', 'SOLV-00018', 'propan-2-ol', 'IUPAC'),
	('ALIAS-00068', 'SOLV-00019', 'methanol', 'common'),
	('ALIAS-00069', 'SOLV-00019', 'methyl alcohol', 'common'),
	('ALIAS-00070', 'SOLV-00019', 'wood alcohol', 'historical'),
	('ALIAS-00071', 'SOLV-00020', 'MIBK', 'common'),
	('ALIAS-00072', 'SOLV-00020', '4-methyl-2-pentanone', 'IUPAC'),
	('ALIAS-00073', 'SOLV-00020', 'isopropylacetone', 'synonym'),
	('ALIAS-00074', 'SOLV-00020', 'isobutyl methyl ketone', 'synonym'),
	('ALIAS-00075', 'SOLV-00020', 'hexone', 'historical'),
	('ALIAS-00076', 'SOLV-00020', '4-methylpentan-2-one', 'IUPAC'),
	('ALIAS-00077', 'SOLV-00021', 'methylene chloride', 'IUPAC'),
	('ALIAS-00078', 'SOLV-00021', 'methylene dichloride', 'IUPAC'),
	('ALIAS-00079', 'SOLV-00022', 'MEK', 'common'),
	('ALIAS-00080', 'SOLV-00022', '2-butanone', 'IUPAC'),
	('ALIAS-00081', 'SOLV-00022', 'butan-2-one', 'IUPAC'),
	('ALIAS-00082', 'SOLV-00022', 'methyl acetone', 'synonym'),
	('ALIAS-00083', 'SOLV-00022', 'methyl ethyl ketone', 'common'),
	('ALIAS-00084', 'SOLV-00023', 'white spirit', 'trade'),
	('ALIAS-00085', 'SOLV-00023', 'stoddard solvent', 'trade'),
	('ALIAS-00086', 'SOLV-00023', 'naphtha solvent', 'trade'),
	('ALIAS-00087', 'SOLV-00024', 'octane', 'common'),
	('ALIAS-00088', 'SOLV-00024', 'octil', 'synonym'),
	('ALIAS-00089', 'SOLV-00025', 'propanol', 'IUPAC'),
	('ALIAS-00090', 'SOLV-00025', 'propan-1-ol', 'IUPAC'),
	('ALIAS-00091', 'SOLV-00025', 'n-propanol', 'IUPAC'),
	('ALIAS-00092', 'SOLV-00025', 'n-propyl alcohol', 'IUPAC'),
	('ALIAS-00093', 'SOLV-00025', 'ethylcarbinol', 'common'),
	('ALIAS-00094', 'SOLV-00025', 'propyl alcohol', 'common'),
	('ALIAS-00095', 'SOLV-00026', 'pyradine', 'synonym'),
	('ALIAS-00096', 'SOLV-00026', 'azabenzene', 'synonym'),
	('ALIAS-00097', 'SOLV-00026', 'azine', 'synonym'),
	('ALIAS-00098', 'SOLV-00026', 'pyradin', 'synonym'),
	('ALIAS-00099', 'SOLV-00027', 'THF', 'abbreviation'),
	('ALIAS-00100', 'SOLV-00027', 'oxolane', 'IUPAC'),
	('ALIAS-00101', 'SOLV-00027', 'furanadine', 'synonym'),
	('ALIAS-00102', 'SOLV-00027', 'hydrofuran', 'synonym'),
	('ALIAS-00103', 'SOLV-00027', 'cyclotetramethylene oxide', 'IUPAC'),
	('ALIAS-00104', 'SOLV-00028', 'toluene', 'common'),
	('ALIAS-00105', 'SOLV-00028', 'methylbenzene', 'IUPAC'),
	('ALIAS-00106', 'SOLV-00028', 'phenylmethane', 'synonym'),
	('ALIAS-00107', 'SOLV-00029', 'methylchloroform', 'synonym'),
	('ALIAS-00108', 'SOLV-00029', 'chlorothene', 'trade'),
	('ALIAS-00109', 'SOLV-00029', 'methyl chloroform', 'trade'),
	('ALIAS-00110', 'SOLV-00030', 'turpentine', 'trade'),
	('ALIAS-00111', 'SOLV-00030', 'turps', 'trade'),
	('ALIAS-00112', 'SOLV-00030', 'turpentine oil', 'trade'),
	('ALIAS-00113', 'SOLV-00031', 'VM&P naphtha', 'trade'),
	('ALIAS-00114', 'SOLV-00031', 'ligroine', 'trade'),
	('ALIAS-00115', 'SOLV-00031', 'varnish makers and painters naphtha', 'trade'),
	('ALIAS-00116', 'SOLV-00032', 'distilled water', 'common'),
	('ALIAS-00117', 'SOLV-00032', 'deionised water', 'common'),
	('ALIAS-00118', 'SOLV-00032', 'purified water', 'common'),
	('ALIAS-00119', 'SOLV-00033', 'm-xylene', 'common'),
	('ALIAS-00120', 'SOLV-00033', 'meta-xylene', 'IUPAC'),
	('ALIAS-00121', 'SOLV-00033', 'p-xylene', 'common'),
	('ALIAS-00122', 'SOLV-00033', 'para-xylene', 'IUPAC'),
	('ALIAS-00123', 'SOLV-00033', 'o-xylene', 'common'),
	('ALIAS-00124', 'SOLV-00033', 'ortho-xylene', 'IUPAC'),
	('ALIAS-00125', 'SOLV-00033', 'xylene', 'common');


--
-- Data for Name: reference; Type: TABLE DATA; Schema: public; Owner: postgres
--

INSERT INTO "public"."reference" ("reference_id", "title", "reference_type", "url", "publisher", "jurisdiction", "version", "published_date") VALUES
	('REF-00001', 'Ormsby reference 1', 'Dataset', 'https://cool.culturalheritage.org/packages/solvent-solver/solvent_solver.html', 'National Archives and Records Administration', NULL, NULL, '2006-11-01'),
	('REF-00002', 'Ormsby reference 2', 'Dataset', 'https://cool.culturalheritage.org/packages/solvent-solver/solvent_solver.html', 'National Archives and Records Administration', NULL, NULL, '2006-11-01'),
	('REF-00003', 'Ormsby reference 3', 'Dataset', 'https://cool.culturalheritage.org/packages/solvent-solver/solvent_solver.html', 'National Archives and Records Administration', NULL, NULL, '2006-11-01'),
	('REF-00004', 'benzene', 'MSDS', 'https://sdsmanager.com/safety-data-sheet/sigma-aldrich-chemie-gmbh-benzene-en-8/', 'SigmaAldrich Chemie GmbH', 'EU', '6.14', '2025-09-18'),
	('REF-00005', 'acetone', 'MSDS', 'https://sdsmanager.com/safety-data-sheet/chemsupply-australia-pty-ltd-acetone-en-2/', 'ChemSupplyAustralia', 'AUS', NULL, '2025-06-19'),
	('REF-00006', 'n-butyl-alcohol', 'MSDS', 'https://sdsmanager.com/safety-data-sheet/chemsupply-australia-pty-ltd-n-butyl-alcohol-en/', 'ChemSupplyAustralia', 'AUS', NULL, '2025-06-01'),
	('REF-00007', 'benzyl-alcohol', 'MSDS', 'https://sdsmanager.com/safety-data-sheet/merck-life-science-uk-limited-benzyl-alcohol-en-5/', 'Merck', 'UK', '6.13', '2025-08-16'),
	('REF-00008', '2-ethoxyethanol', 'MSDS', 'https://sdsmanager.com/safety-data-sheet/sigma-aldrich-chemie-gmbh-2-ethoxyethanol-en-6/', 'SigmaAldrich Chemie GmbH', 'EU', '7.07', '2025-05-01'),
	('REF-00009', '2-ethoxyethyl-acetate', 'MSDS', 'https://sdsmanager.com/safety-data-sheet/sigma-aldrich-chemie-gmbh-2-ethoxyethyl-acetate-en-2/', 'SigmaAldrich Chemie GmbH', 'EU', '6.13', '2025-05-23'),
	('REF-00010', 'trichloromethane', 'MSDS', 'https://sdsmanager.com/safety-data-sheet/chemiecall-trichloromethane-en/', 'ChemieCall', 'EU', NULL, '2025-06-02'),
	('REF-00011', 'cyclohexane', 'MSDS', 'https://sdsmanager.com/safety-data-sheet/sigma-aldrich-chemie-gmbh-cyclohexane-en-11/', 'SigmaAldrich Chemie GmbH', 'EU', '6.14', '2025-08-10'),
	('REF-00012', 'cyclohexanone', 'MSDS', 'https://sdsmanager.com/safety-data-sheet/sigma-aldrich-chemie-gmbh-cyclohexanone-en-6/', 'SigmaAldrich Chemie GmbH', 'EU', '7.09', '2025-09-14'),
	('REF-00013', 'diacetone-alcohol', 'MSDS', 'https://sdsmanager.com/safety-data-sheet/sigma-aldrich-inc-diacetone-alcohol-en-2/', 'SigmaAldrich Chemie GmbH', 'EU', '6.11', '2025-09-22'),
	('REF-00014', '1-2-dichloroethane', 'MSDS', 'https://sdsmanager.com/safety-data-sheet/sigma-aldrich-chemie-gmbh-12-dichloroethane-en-11/', 'SigmaAldrich Chemie GmbH', 'EU', '7.10', '2025-09-18'),
	('REF-00015', 'n-dimethyl-formamide', 'MSDS', 'https://sdsmanager.com/safety-data-sheet/merck-kgaa-n-n-dimethylformamide-en/', 'Merck', 'EU', '6.18', '2025-09-26'),
	('REF-00016', 'ethanol', 'MSDS', 'https://sdsmanager.com/safety-data-sheet/honeywell-specialty-ethanol-en-3/', 'Honeywell', 'EU', '1.07', '2025-08-17'),
	('REF-00017', 'ethyl-acetate', 'MSDS', 'https://sdsmanager.com/safety-data-sheet/fisher-scientific-company-ethyl-acetate-en-20/', 'Fisher Scientific', 'US', '8', '2025-09-27'),
	('REF-00018', 'heptane', 'MSDS', 'https://sdsmanager.com/safety-data-sheet/sigma-aldrich-chemie-gmbh-heptane-en-21/', 'SigmaAldrich Chemie GmbH', 'EU', '6.13', '2025-09-26'),
	('REF-00019', 'hexane', 'MSDS', 'https://sdsmanager.com/safety-data-sheet/merck-kgaa-hexane-en-6/', 'Merck', 'EU', '7.00', '2025-10-12'),
	('REF-00020', 'isoamyl-acetate', 'MSDS', 'https://sdsmanager.com/safety-data-sheet/sigma-aldrich-chemie-gmbh-isoamyl-acetate-en-2/', 'SigmaAldrich Chemie GmbH', 'EU', '6.07', '2025-06-23'),
	('REF-00021', 'isopropanol', 'MSDS', 'https://sdsmanager.com/safety-data-sheet/sigma-aldrich-chemie-gmbh-isopropanol-en-3/', 'SigmaAldrich Chemie GmbH', 'EU', '6.05', '2025-07-12'),
	('REF-00022', 'methanol', 'MSDS', 'https://sdsmanager.com/safety-data-sheet/merck-kgaa-methanol-en-15/', 'Merck', 'EU', '6.14', '2025-03-23'),
	('REF-00023', 'isobutyle-methyl-ketone', 'MSDS', 'https://sdsmanager.com/safety-data-sheet/sigma-aldrich-chemie-gmbh-isobutyl-methyl-ketone-emplura-en-2/', 'SigmaAldrich Chemie GmbH', 'EU', '7.04', '2025-11-15'),
	('REF-00024', 'dichloromethane', 'MSDS', 'https://sdsmanager.com/safety-data-sheet/sigma-aldrich-chemie-gmbh-dichloromethane-en-22/', 'SigmaAldrich Chemie GmbH', 'EU', '8.12', '2025-03-11'),
	('REF-00025', 'methyl-ethyl-ketone', 'MSDS', 'https://sdsmanager.com/safety-data-sheet/friedrich-scharr-kg-methylethylketon-en-3/', 'Friedrich Scharr KG', 'EU', '9.0', '2025-10-21'),
	('REF-00026', 'mineral-spirits', 'MSDS', 'https://sdsmanager.com/safety-data-sheet/jmn-specialties-inc-mineral-spirits-en-2/', 'JMN Specialties', 'EU', NULL, '2025-05-11'),
	('REF-00027', 'octane', 'MSDS', 'https://sdsmanager.com/safety-data-sheet/merck-kgaa-octane-en/', 'Merck', 'EU', '6.14', '2025-08-14'),
	('REF-00028', '1-propanol', 'MSDS', 'https://sdsmanager.com/safety-data-sheet/merck-life-science-pty-ltd-1-propanol-en-2/', 'Merck', 'EU', '6.03', '2025-05-04'),
	('REF-00029', 'pyridine', 'MSDS', 'https://sdsmanager.com/safety-data-sheet/sigma-aldrich-chemie-gmbh-pyridine-en-14/', 'SigmaAldrich Chemie GmbH', 'EU', '7.08', '2025-08-26'),
	('REF-00030', 'tetrahydrofuran', 'MSDS', 'https://sdsmanager.com/safety-data-sheet/sigma-aldrich-chemie-gmbh-tetrahydrofuran-en-33/', 'SigmaAldrich Chemie GmbH', 'EU', '8.17', '2025-08-17'),
	('REF-00031', 'toluene', 'MSDS', 'https://sdsmanager.com/safety-data-sheet/sigma-aldrich-chemie-gmbh-toluene-en-19/', 'SigmaAldrich Chemie GmbH', 'EU', '7.21', '2025-08-27'),
	('REF-00032', '111-trichloroethane', 'MSDS', 'https://sdsmanager.com/safety-data-sheet/sigma-aldrich-inc-111-trichloroethane-en-3/', 'SigmaAldrich Chemie GmbH', 'EU', '8.5', '2023-03-17'),
	('REF-00033', 'turpentine', 'MSDS', 'https://sdsmanager.com/safety-data-sheet/marketing-chemicals-ltd-mineral-turpentine-en/', 'Marketing Chemicals Ltd', 'NZ', NULL, '2024-08-15'),
	('REF-00034', 'petroleum-spirit', 'MSDS', 'https://sdsmanager.com/safety-data-sheet/chemsupply-australia-pty-ltd-petroleum-spirit-40-60degc-en/', 'ChemSupplyAustralia', 'AUS', NULL, '2025-07-24'),
	('REF-00035', 'deionised-water', 'MSDS', 'https://sdsmanager.com/safety-data-sheet/j-v-barrett-co-ltd-ltd-deionised-water-en/', 'J.V.Barrett & Co. Ltd', 'UK', '1.0', '2025-01-01'),
	('REF-00036', 'm-xylene', 'MSDS', 'https://sdsmanager.com/safety-data-sheet/sigma-aldrich-pte-ltd-m-xylene-en/', 'SigmaAldrich Chemie GmbH', 'EU', '6.11', '2025-04-07'),
	('REF-00037', 'o-xylene', 'MSDS', 'https://sdsmanager.com/safety-data-sheet/sigma-aldrich-pte-ltd-o-xylene-en/', 'SigmaAldrich Chemie GmbH', 'EU', '6.10', '2025-03-15'),
	('REF-00038', 'p-xylene', 'MSDS', 'https://sdsmanager.com/safety-data-sheet/sigma-aldrich-pte-ltd-p-xylene-en/', 'SigmaAldrich Chemie GmbH', 'EU', '6.07', '2025-03-18'),
	('REF-00039', 'PubChem Compound Summary for CID 180, Acetone.', 'Compound Summary', 'https://pubchem.ncbi.nlm.nih.gov/compound/180', 'National Center for Biotechnology Information', NULL, NULL, '2025-08-07'),
	('REF-00040', 'PubChem Compound Summary for CID 241, Benzene.', 'Compound Summary', 'https://pubchem.ncbi.nlm.nih.gov/compound/241', 'National Center for Biotechnology Information', NULL, NULL, '2025-08-07'),
	('REF-00041', 'PubChem Compound Summary for CID 244, Benzyl Alcohol.', 'Compound Summary', 'https://pubchem.ncbi.nlm.nih.gov/compound/244', 'National Center for Biotechnology Information', NULL, NULL, '2025-08-07'),
	('REF-00042', 'PubChem Compound Summary for CID 263, 1-Butanol.', 'Compound Summary', 'https://pubchem.ncbi.nlm.nih.gov/compound/263', 'National Center for Biotechnology Information', NULL, NULL, '2025-08-07'),
	('REF-00043', 'PubChem Compound Summary for CID 8076, Glycol monoethyl ether.', 'Compound Summary', 'https://pubchem.ncbi.nlm.nih.gov/compound/8076', 'National Center for Biotechnology Information', NULL, NULL, '2025-08-07'),
	('REF-00044', 'PubChem Compound Summary for CID 8095, Glycol monoethyl ether acetate.', 'Compound Summary', 'https://pubchem.ncbi.nlm.nih.gov/compound/8095', 'National Center for Biotechnology Information', NULL, NULL, '2025-08-07'),
	('REF-00045', 'PubChem Compound Summary for CID 6212, Chloroform.', 'Compound Summary', 'https://pubchem.ncbi.nlm.nih.gov/compound/6212', 'National Center for Biotechnology Information', NULL, NULL, '2025-08-07'),
	('REF-00046', 'PubChem Compound Summary for CID 8078, Cyclohexane.', 'Compound Summary', 'https://pubchem.ncbi.nlm.nih.gov/compound/8078', 'National Center for Biotechnology Information', NULL, NULL, '2025-08-07'),
	('REF-00047', 'PubChem Compound Summary for CID 7967, Cyclohexanone.', 'Compound Summary', 'https://pubchem.ncbi.nlm.nih.gov/compound/7967', 'National Center for Biotechnology Information', NULL, NULL, '2025-08-07'),
	('REF-00048', 'PubChem Compound Summary for CID 31256, Diacetone Alcohol.', 'Compound Summary', 'https://pubchem.ncbi.nlm.nih.gov/compound/31256', 'National Center for Biotechnology Information', NULL, NULL, '2025-08-07'),
	('REF-00049', 'PubChem Compound Summary for CID 11, 1,2-Dichloroethane.', 'Compound Summary', 'https://pubchem.ncbi.nlm.nih.gov/compound/11', 'National Center for Biotechnology Information', NULL, NULL, '2025-08-07'),
	('REF-00050', 'PubChem Compound Summary for CID 6228, Dimethylformamide.', 'Compound Summary', 'https://pubchem.ncbi.nlm.nih.gov/compound/6228', 'National Center for Biotechnology Information', NULL, NULL, '2025-08-07'),
	('REF-00051', 'PubChem Compound Summary for CID 702, Ethanol.', 'Compound Summary', 'https://pubchem.ncbi.nlm.nih.gov/compound/702', 'National Center for Biotechnology Information', NULL, NULL, '2025-08-07'),
	('REF-00052', 'PubChem Compound Summary for CID 8857, Ethyl Acetate.', 'Compound Summary', 'https://pubchem.ncbi.nlm.nih.gov/compound/8857', 'National Center for Biotechnology Information', NULL, NULL, '2025-08-07'),
	('REF-00053', 'PubChem Compound Summary for CID 8900, Heptane.', 'Compound Summary', 'https://pubchem.ncbi.nlm.nih.gov/compound/8900', 'National Center for Biotechnology Information', NULL, NULL, '2025-08-07'),
	('REF-00054', 'PubChem Compound Summary for CID 8058, Hexane.', 'Compound Summary', 'https://pubchem.ncbi.nlm.nih.gov/compound/8058', 'National Center for Biotechnology Information', NULL, NULL, '2025-08-07'),
	('REF-00055', 'PubChem Compound Summary for CID 31276, Isoamyl Acetate.', 'Compound Summary', 'https://pubchem.ncbi.nlm.nih.gov/compound/31276', 'National Center for Biotechnology Information', NULL, NULL, '2025-08-07'),
	('REF-00056', 'PubChem Compound Summary for CID 3776, Isopropanol.', 'Compound Summary', 'https://pubchem.ncbi.nlm.nih.gov/compound/3776', 'National Center for Biotechnology Information', NULL, NULL, '2025-08-07'),
	('REF-00057', 'PubChem Compound Summary for CID 887, Methanol.', 'Compound Summary', 'https://pubchem.ncbi.nlm.nih.gov/compound/887', 'National Center for Biotechnology Information', NULL, NULL, '2025-08-07'),
	('REF-00058', 'PubChem Compound Summary for CID 7909, Methyl Isobutyl Ketone.', 'Compound Summary', 'https://pubchem.ncbi.nlm.nih.gov/compound/7909', 'National Center for Biotechnology Information', NULL, NULL, '2025-08-07'),
	('REF-00059', 'PubChem Compound Summary for CID 6344, Dichloromethane.', 'Compound Summary', 'https://pubchem.ncbi.nlm.nih.gov/compound/6344', 'National Center for Biotechnology Information', NULL, NULL, '2025-08-07'),
	('REF-00060', 'PubChem Compound Summary for CID 6569, Methyl Ethyl Ketone.', 'Compound Summary', 'https://pubchem.ncbi.nlm.nih.gov/compound/6569', 'National Center for Biotechnology Information', NULL, NULL, '2025-08-07'),
	('REF-00061', 'PubChem Compound Summary for Stoddard Solvent.', 'Compound Summary', 'https://pubchem.ncbi.nlm.nih.gov/compound/Stoddard-Solvent', 'National Center for Biotechnology Information', NULL, NULL, '2025-08-07'),
	('REF-00062', 'PubChem Compound Summary for CID 356, Octane.', 'Compound Summary', 'https://pubchem.ncbi.nlm.nih.gov/compound/356', 'National Center for Biotechnology Information', NULL, NULL, '2025-08-07'),
	('REF-00063', 'PubChem Compound Summary for CID 1031, 1-Propanol.', 'Compound Summary', 'https://pubchem.ncbi.nlm.nih.gov/compound/1031', 'National Center for Biotechnology Information', NULL, NULL, '2025-08-07'),
	('REF-00064', 'PubChem Compound Summary for CID 1049, Pyridine.', 'Compound Summary', 'https://pubchem.ncbi.nlm.nih.gov/compound/1049', 'National Center for Biotechnology Information', NULL, NULL, '2025-08-07'),
	('REF-00065', 'PubChem Compound Summary for CID 8028, Tetrahydrofuran.', 'Compound Summary', 'https://pubchem.ncbi.nlm.nih.gov/compound/8028', 'National Center for Biotechnology Information', NULL, NULL, '2025-08-07'),
	('REF-00066', 'PubChem Compound Summary for CID 1140, Toluene.', 'Compound Summary', 'https://pubchem.ncbi.nlm.nih.gov/compound/1140', 'National Center for Biotechnology Information', NULL, NULL, '2025-08-07'),
	('REF-00067', 'PubChem Compound Summary for CID 6278, 1,1,1-Trichloroethane.', 'Compound Summary', 'https://pubchem.ncbi.nlm.nih.gov/compound/6278', 'National Center for Biotechnology Information', NULL, NULL, '2025-08-07'),
	('REF-00068', 'PubChem Compound Summary for Turpentine.', 'Compound Summary', 'https://pubchem.ncbi.nlm.nih.gov/compound/Turpentine', 'National Center for Biotechnology Information', NULL, NULL, '2026-04-29'),
	('REF-00069', 'PubChem Compound Summary for Ligroine.', 'Compound Summary', 'https://pubchem.ncbi.nlm.nih.gov/compound/Ligroine', 'National Center for Biotechnology Information', NULL, NULL, '2026-04-29'),
	('REF-00070', 'PubChem Compound Summary for CID 962, Water.', 'Compound Summary', 'https://pubchem.ncbi.nlm.nih.gov/compound/962', 'National Center for Biotechnology Information', NULL, NULL, '2026-04-29'),
	('REF-00071', 'PubChem Compound Summary for Xylene.', 'Compound Summary', 'https://pubchem.ncbi.nlm.nih.gov/compound/Xylene', 'National Center for Biotechnology Information', NULL, NULL, '2026-04-29'),
	('REF-00072', 'Practical Solubility - HSP', 'Dataset', 'https://www.stevenabbott.co.uk/practical-solubility/hsp-basics.php', 'Steven Abbott', NULL, NULL, '2026-01-01');


--
-- Data for Name: alias_reference; Type: TABLE DATA; Schema: public; Owner: postgres
--

INSERT INTO "public"."alias_reference" ("alias_id", "reference_id") VALUES
	('ALIAS-00001', 'REF-00001'),
	('ALIAS-00001', 'REF-00002'),
	('ALIAS-00001', 'REF-00003'),
	('ALIAS-00001', 'REF-00004'),
	('ALIAS-00001', 'REF-00039'),
	('ALIAS-00001', 'REF-00072'),
	('ALIAS-00002', 'REF-00001'),
	('ALIAS-00002', 'REF-00002'),
	('ALIAS-00002', 'REF-00003'),
	('ALIAS-00002', 'REF-00004'),
	('ALIAS-00002', 'REF-00039'),
	('ALIAS-00002', 'REF-00072'),
	('ALIAS-00003', 'REF-00001'),
	('ALIAS-00003', 'REF-00002'),
	('ALIAS-00003', 'REF-00003'),
	('ALIAS-00003', 'REF-00004'),
	('ALIAS-00003', 'REF-00039'),
	('ALIAS-00003', 'REF-00072'),
	('ALIAS-00004', 'REF-00001'),
	('ALIAS-00004', 'REF-00002'),
	('ALIAS-00004', 'REF-00003'),
	('ALIAS-00004', 'REF-00004'),
	('ALIAS-00004', 'REF-00039'),
	('ALIAS-00004', 'REF-00072'),
	('ALIAS-00005', 'REF-00001'),
	('ALIAS-00005', 'REF-00002'),
	('ALIAS-00005', 'REF-00003'),
	('ALIAS-00005', 'REF-00004'),
	('ALIAS-00005', 'REF-00039'),
	('ALIAS-00005', 'REF-00072'),
	('ALIAS-00006', 'REF-00001'),
	('ALIAS-00006', 'REF-00002'),
	('ALIAS-00006', 'REF-00003'),
	('ALIAS-00006', 'REF-00004'),
	('ALIAS-00006', 'REF-00040'),
	('ALIAS-00006', 'REF-00072'),
	('ALIAS-00007', 'REF-00001'),
	('ALIAS-00007', 'REF-00002'),
	('ALIAS-00007', 'REF-00003'),
	('ALIAS-00007', 'REF-00004'),
	('ALIAS-00007', 'REF-00040'),
	('ALIAS-00007', 'REF-00072'),
	('ALIAS-00008', 'REF-00001'),
	('ALIAS-00008', 'REF-00002'),
	('ALIAS-00008', 'REF-00003'),
	('ALIAS-00008', 'REF-00004'),
	('ALIAS-00008', 'REF-00040'),
	('ALIAS-00008', 'REF-00072'),
	('ALIAS-00009', 'REF-00001'),
	('ALIAS-00009', 'REF-00002'),
	('ALIAS-00009', 'REF-00003'),
	('ALIAS-00009', 'REF-00004'),
	('ALIAS-00009', 'REF-00040'),
	('ALIAS-00009', 'REF-00072'),
	('ALIAS-00010', 'REF-00001'),
	('ALIAS-00010', 'REF-00002'),
	('ALIAS-00010', 'REF-00003'),
	('ALIAS-00010', 'REF-00006'),
	('ALIAS-00010', 'REF-00041'),
	('ALIAS-00010', 'REF-00072'),
	('ALIAS-00011', 'REF-00001'),
	('ALIAS-00011', 'REF-00002'),
	('ALIAS-00011', 'REF-00003'),
	('ALIAS-00011', 'REF-00006'),
	('ALIAS-00011', 'REF-00041'),
	('ALIAS-00011', 'REF-00072'),
	('ALIAS-00012', 'REF-00001'),
	('ALIAS-00012', 'REF-00002'),
	('ALIAS-00012', 'REF-00003'),
	('ALIAS-00012', 'REF-00006'),
	('ALIAS-00012', 'REF-00041'),
	('ALIAS-00012', 'REF-00072'),
	('ALIAS-00013', 'REF-00001'),
	('ALIAS-00013', 'REF-00002'),
	('ALIAS-00013', 'REF-00003'),
	('ALIAS-00013', 'REF-00006'),
	('ALIAS-00013', 'REF-00041'),
	('ALIAS-00013', 'REF-00072'),
	('ALIAS-00014', 'REF-00001'),
	('ALIAS-00014', 'REF-00002'),
	('ALIAS-00014', 'REF-00003'),
	('ALIAS-00014', 'REF-00006'),
	('ALIAS-00014', 'REF-00041'),
	('ALIAS-00014', 'REF-00072'),
	('ALIAS-00015', 'REF-00001'),
	('ALIAS-00015', 'REF-00002'),
	('ALIAS-00015', 'REF-00003'),
	('ALIAS-00015', 'REF-00007'),
	('ALIAS-00015', 'REF-00042'),
	('ALIAS-00015', 'REF-00072'),
	('ALIAS-00016', 'REF-00001'),
	('ALIAS-00016', 'REF-00002'),
	('ALIAS-00016', 'REF-00003'),
	('ALIAS-00016', 'REF-00007'),
	('ALIAS-00016', 'REF-00042'),
	('ALIAS-00016', 'REF-00072'),
	('ALIAS-00017', 'REF-00001'),
	('ALIAS-00017', 'REF-00002'),
	('ALIAS-00017', 'REF-00003'),
	('ALIAS-00017', 'REF-00007'),
	('ALIAS-00017', 'REF-00042'),
	('ALIAS-00017', 'REF-00072'),
	('ALIAS-00018', 'REF-00001'),
	('ALIAS-00018', 'REF-00002'),
	('ALIAS-00018', 'REF-00003'),
	('ALIAS-00018', 'REF-00007'),
	('ALIAS-00018', 'REF-00042'),
	('ALIAS-00018', 'REF-00072'),
	('ALIAS-00019', 'REF-00001'),
	('ALIAS-00019', 'REF-00002'),
	('ALIAS-00019', 'REF-00003'),
	('ALIAS-00019', 'REF-00007'),
	('ALIAS-00019', 'REF-00042'),
	('ALIAS-00019', 'REF-00072'),
	('ALIAS-00020', 'REF-00001'),
	('ALIAS-00020', 'REF-00002'),
	('ALIAS-00020', 'REF-00003'),
	('ALIAS-00020', 'REF-00008'),
	('ALIAS-00020', 'REF-00043'),
	('ALIAS-00020', 'REF-00072'),
	('ALIAS-00021', 'REF-00001'),
	('ALIAS-00021', 'REF-00002'),
	('ALIAS-00021', 'REF-00003'),
	('ALIAS-00021', 'REF-00008'),
	('ALIAS-00021', 'REF-00043'),
	('ALIAS-00021', 'REF-00072'),
	('ALIAS-00022', 'REF-00001'),
	('ALIAS-00022', 'REF-00002'),
	('ALIAS-00022', 'REF-00003'),
	('ALIAS-00022', 'REF-00008'),
	('ALIAS-00022', 'REF-00043'),
	('ALIAS-00022', 'REF-00072'),
	('ALIAS-00023', 'REF-00001'),
	('ALIAS-00023', 'REF-00002'),
	('ALIAS-00023', 'REF-00003'),
	('ALIAS-00023', 'REF-00009'),
	('ALIAS-00023', 'REF-00044'),
	('ALIAS-00023', 'REF-00072'),
	('ALIAS-00024', 'REF-00001'),
	('ALIAS-00024', 'REF-00002'),
	('ALIAS-00024', 'REF-00003'),
	('ALIAS-00024', 'REF-00009'),
	('ALIAS-00024', 'REF-00044'),
	('ALIAS-00024', 'REF-00072'),
	('ALIAS-00025', 'REF-00001'),
	('ALIAS-00025', 'REF-00002'),
	('ALIAS-00025', 'REF-00003'),
	('ALIAS-00025', 'REF-00009'),
	('ALIAS-00025', 'REF-00044'),
	('ALIAS-00025', 'REF-00072'),
	('ALIAS-00026', 'REF-00001'),
	('ALIAS-00026', 'REF-00002'),
	('ALIAS-00026', 'REF-00003'),
	('ALIAS-00026', 'REF-00009'),
	('ALIAS-00026', 'REF-00044'),
	('ALIAS-00026', 'REF-00072'),
	('ALIAS-00027', 'REF-00001'),
	('ALIAS-00027', 'REF-00002'),
	('ALIAS-00027', 'REF-00003'),
	('ALIAS-00027', 'REF-00010'),
	('ALIAS-00027', 'REF-00045'),
	('ALIAS-00027', 'REF-00072'),
	('ALIAS-00028', 'REF-00001'),
	('ALIAS-00028', 'REF-00002'),
	('ALIAS-00028', 'REF-00003'),
	('ALIAS-00028', 'REF-00010'),
	('ALIAS-00028', 'REF-00045'),
	('ALIAS-00028', 'REF-00072'),
	('ALIAS-00029', 'REF-00001'),
	('ALIAS-00029', 'REF-00002'),
	('ALIAS-00029', 'REF-00003'),
	('ALIAS-00029', 'REF-00010'),
	('ALIAS-00029', 'REF-00045'),
	('ALIAS-00029', 'REF-00072'),
	('ALIAS-00030', 'REF-00001'),
	('ALIAS-00030', 'REF-00002'),
	('ALIAS-00030', 'REF-00003'),
	('ALIAS-00030', 'REF-00011'),
	('ALIAS-00030', 'REF-00046'),
	('ALIAS-00030', 'REF-00072'),
	('ALIAS-00031', 'REF-00001'),
	('ALIAS-00031', 'REF-00002'),
	('ALIAS-00031', 'REF-00003'),
	('ALIAS-00031', 'REF-00011'),
	('ALIAS-00031', 'REF-00046'),
	('ALIAS-00031', 'REF-00072'),
	('ALIAS-00032', 'REF-00001'),
	('ALIAS-00032', 'REF-00002'),
	('ALIAS-00032', 'REF-00003'),
	('ALIAS-00032', 'REF-00011'),
	('ALIAS-00032', 'REF-00046'),
	('ALIAS-00032', 'REF-00072'),
	('ALIAS-00033', 'REF-00001'),
	('ALIAS-00033', 'REF-00002'),
	('ALIAS-00033', 'REF-00003'),
	('ALIAS-00033', 'REF-00011'),
	('ALIAS-00033', 'REF-00046'),
	('ALIAS-00033', 'REF-00072'),
	('ALIAS-00034', 'REF-00001'),
	('ALIAS-00034', 'REF-00002'),
	('ALIAS-00034', 'REF-00003'),
	('ALIAS-00034', 'REF-00012'),
	('ALIAS-00034', 'REF-00047'),
	('ALIAS-00034', 'REF-00072'),
	('ALIAS-00035', 'REF-00001'),
	('ALIAS-00035', 'REF-00002'),
	('ALIAS-00035', 'REF-00003'),
	('ALIAS-00035', 'REF-00012'),
	('ALIAS-00035', 'REF-00047'),
	('ALIAS-00035', 'REF-00072'),
	('ALIAS-00036', 'REF-00001'),
	('ALIAS-00036', 'REF-00002'),
	('ALIAS-00036', 'REF-00003'),
	('ALIAS-00036', 'REF-00013'),
	('ALIAS-00036', 'REF-00048'),
	('ALIAS-00036', 'REF-00072'),
	('ALIAS-00037', 'REF-00001'),
	('ALIAS-00037', 'REF-00002'),
	('ALIAS-00037', 'REF-00003'),
	('ALIAS-00037', 'REF-00013'),
	('ALIAS-00037', 'REF-00048'),
	('ALIAS-00037', 'REF-00072'),
	('ALIAS-00038', 'REF-00001'),
	('ALIAS-00038', 'REF-00002'),
	('ALIAS-00038', 'REF-00003'),
	('ALIAS-00038', 'REF-00013'),
	('ALIAS-00038', 'REF-00048'),
	('ALIAS-00038', 'REF-00072'),
	('ALIAS-00039', 'REF-00001'),
	('ALIAS-00039', 'REF-00003'),
	('ALIAS-00039', 'REF-00014'),
	('ALIAS-00039', 'REF-00049'),
	('ALIAS-00039', 'REF-00072'),
	('ALIAS-00040', 'REF-00001'),
	('ALIAS-00040', 'REF-00003'),
	('ALIAS-00040', 'REF-00014'),
	('ALIAS-00040', 'REF-00049'),
	('ALIAS-00040', 'REF-00072'),
	('ALIAS-00041', 'REF-00001'),
	('ALIAS-00041', 'REF-00003'),
	('ALIAS-00041', 'REF-00014'),
	('ALIAS-00041', 'REF-00049'),
	('ALIAS-00041', 'REF-00072'),
	('ALIAS-00042', 'REF-00001'),
	('ALIAS-00042', 'REF-00002'),
	('ALIAS-00042', 'REF-00015'),
	('ALIAS-00042', 'REF-00050'),
	('ALIAS-00042', 'REF-00072'),
	('ALIAS-00043', 'REF-00001'),
	('ALIAS-00043', 'REF-00002'),
	('ALIAS-00043', 'REF-00015'),
	('ALIAS-00043', 'REF-00050'),
	('ALIAS-00043', 'REF-00072'),
	('ALIAS-00044', 'REF-00001'),
	('ALIAS-00044', 'REF-00002'),
	('ALIAS-00044', 'REF-00015'),
	('ALIAS-00044', 'REF-00050'),
	('ALIAS-00044', 'REF-00072'),
	('ALIAS-00045', 'REF-00001'),
	('ALIAS-00045', 'REF-00002'),
	('ALIAS-00045', 'REF-00003'),
	('ALIAS-00045', 'REF-00016'),
	('ALIAS-00045', 'REF-00051'),
	('ALIAS-00045', 'REF-00072'),
	('ALIAS-00046', 'REF-00001'),
	('ALIAS-00046', 'REF-00002'),
	('ALIAS-00046', 'REF-00003'),
	('ALIAS-00046', 'REF-00016'),
	('ALIAS-00046', 'REF-00051'),
	('ALIAS-00046', 'REF-00072'),
	('ALIAS-00047', 'REF-00001'),
	('ALIAS-00047', 'REF-00002'),
	('ALIAS-00047', 'REF-00003'),
	('ALIAS-00047', 'REF-00016'),
	('ALIAS-00047', 'REF-00051'),
	('ALIAS-00047', 'REF-00072'),
	('ALIAS-00048', 'REF-00001'),
	('ALIAS-00048', 'REF-00002'),
	('ALIAS-00048', 'REF-00003'),
	('ALIAS-00048', 'REF-00016'),
	('ALIAS-00048', 'REF-00051'),
	('ALIAS-00048', 'REF-00072'),
	('ALIAS-00049', 'REF-00001'),
	('ALIAS-00049', 'REF-00002'),
	('ALIAS-00049', 'REF-00003'),
	('ALIAS-00049', 'REF-00017'),
	('ALIAS-00049', 'REF-00052'),
	('ALIAS-00049', 'REF-00072'),
	('ALIAS-00050', 'REF-00001'),
	('ALIAS-00050', 'REF-00002'),
	('ALIAS-00050', 'REF-00003'),
	('ALIAS-00050', 'REF-00017'),
	('ALIAS-00050', 'REF-00052'),
	('ALIAS-00050', 'REF-00072'),
	('ALIAS-00051', 'REF-00001'),
	('ALIAS-00051', 'REF-00002'),
	('ALIAS-00051', 'REF-00003'),
	('ALIAS-00051', 'REF-00017'),
	('ALIAS-00051', 'REF-00052'),
	('ALIAS-00051', 'REF-00072'),
	('ALIAS-00052', 'REF-00001'),
	('ALIAS-00052', 'REF-00002'),
	('ALIAS-00052', 'REF-00003'),
	('ALIAS-00052', 'REF-00017'),
	('ALIAS-00052', 'REF-00052'),
	('ALIAS-00052', 'REF-00072'),
	('ALIAS-00053', 'REF-00001'),
	('ALIAS-00053', 'REF-00002'),
	('ALIAS-00053', 'REF-00003'),
	('ALIAS-00053', 'REF-00017'),
	('ALIAS-00053', 'REF-00052'),
	('ALIAS-00053', 'REF-00072'),
	('ALIAS-00054', 'REF-00001'),
	('ALIAS-00054', 'REF-00002'),
	('ALIAS-00054', 'REF-00003'),
	('ALIAS-00054', 'REF-00018'),
	('ALIAS-00054', 'REF-00053'),
	('ALIAS-00054', 'REF-00072'),
	('ALIAS-00055', 'REF-00001'),
	('ALIAS-00055', 'REF-00002'),
	('ALIAS-00055', 'REF-00003'),
	('ALIAS-00055', 'REF-00018'),
	('ALIAS-00055', 'REF-00053'),
	('ALIAS-00055', 'REF-00072'),
	('ALIAS-00056', 'REF-00001'),
	('ALIAS-00056', 'REF-00002'),
	('ALIAS-00056', 'REF-00003'),
	('ALIAS-00056', 'REF-00018'),
	('ALIAS-00056', 'REF-00053'),
	('ALIAS-00056', 'REF-00072'),
	('ALIAS-00057', 'REF-00001'),
	('ALIAS-00057', 'REF-00002'),
	('ALIAS-00057', 'REF-00003'),
	('ALIAS-00057', 'REF-00018'),
	('ALIAS-00057', 'REF-00053'),
	('ALIAS-00057', 'REF-00072'),
	('ALIAS-00058', 'REF-00001'),
	('ALIAS-00058', 'REF-00002'),
	('ALIAS-00058', 'REF-00003'),
	('ALIAS-00058', 'REF-00019'),
	('ALIAS-00058', 'REF-00054'),
	('ALIAS-00058', 'REF-00072'),
	('ALIAS-00059', 'REF-00001'),
	('ALIAS-00059', 'REF-00002'),
	('ALIAS-00059', 'REF-00003'),
	('ALIAS-00059', 'REF-00019'),
	('ALIAS-00059', 'REF-00054'),
	('ALIAS-00059', 'REF-00072'),
	('ALIAS-00060', 'REF-00002'),
	('ALIAS-00060', 'REF-00020'),
	('ALIAS-00060', 'REF-00055'),
	('ALIAS-00060', 'REF-00072'),
	('ALIAS-00061', 'REF-00002'),
	('ALIAS-00061', 'REF-00020'),
	('ALIAS-00061', 'REF-00055'),
	('ALIAS-00061', 'REF-00072'),
	('ALIAS-00062', 'REF-00002'),
	('ALIAS-00062', 'REF-00020'),
	('ALIAS-00062', 'REF-00055'),
	('ALIAS-00062', 'REF-00072'),
	('ALIAS-00063', 'REF-00002'),
	('ALIAS-00063', 'REF-00020'),
	('ALIAS-00063', 'REF-00055'),
	('ALIAS-00063', 'REF-00072'),
	('ALIAS-00064', 'REF-00001'),
	('ALIAS-00064', 'REF-00002'),
	('ALIAS-00064', 'REF-00003'),
	('ALIAS-00064', 'REF-00021'),
	('ALIAS-00064', 'REF-00056'),
	('ALIAS-00064', 'REF-00072'),
	('ALIAS-00065', 'REF-00001'),
	('ALIAS-00065', 'REF-00002'),
	('ALIAS-00065', 'REF-00003'),
	('ALIAS-00065', 'REF-00021'),
	('ALIAS-00065', 'REF-00056'),
	('ALIAS-00065', 'REF-00072'),
	('ALIAS-00066', 'REF-00001'),
	('ALIAS-00066', 'REF-00002'),
	('ALIAS-00066', 'REF-00003'),
	('ALIAS-00066', 'REF-00021'),
	('ALIAS-00066', 'REF-00056'),
	('ALIAS-00066', 'REF-00072'),
	('ALIAS-00067', 'REF-00001'),
	('ALIAS-00067', 'REF-00002'),
	('ALIAS-00067', 'REF-00003'),
	('ALIAS-00067', 'REF-00021'),
	('ALIAS-00067', 'REF-00056'),
	('ALIAS-00067', 'REF-00072'),
	('ALIAS-00068', 'REF-00001'),
	('ALIAS-00068', 'REF-00002'),
	('ALIAS-00068', 'REF-00003'),
	('ALIAS-00068', 'REF-00022'),
	('ALIAS-00068', 'REF-00057'),
	('ALIAS-00068', 'REF-00072'),
	('ALIAS-00069', 'REF-00001'),
	('ALIAS-00069', 'REF-00002'),
	('ALIAS-00069', 'REF-00003'),
	('ALIAS-00069', 'REF-00022'),
	('ALIAS-00069', 'REF-00057'),
	('ALIAS-00069', 'REF-00072'),
	('ALIAS-00070', 'REF-00001'),
	('ALIAS-00070', 'REF-00002'),
	('ALIAS-00070', 'REF-00003'),
	('ALIAS-00070', 'REF-00022'),
	('ALIAS-00070', 'REF-00057'),
	('ALIAS-00070', 'REF-00072'),
	('ALIAS-00071', 'REF-00001'),
	('ALIAS-00071', 'REF-00002'),
	('ALIAS-00071', 'REF-00003'),
	('ALIAS-00071', 'REF-00023'),
	('ALIAS-00071', 'REF-00058'),
	('ALIAS-00071', 'REF-00072'),
	('ALIAS-00072', 'REF-00001'),
	('ALIAS-00072', 'REF-00002'),
	('ALIAS-00072', 'REF-00003'),
	('ALIAS-00072', 'REF-00023'),
	('ALIAS-00072', 'REF-00058'),
	('ALIAS-00072', 'REF-00072'),
	('ALIAS-00073', 'REF-00001'),
	('ALIAS-00073', 'REF-00002'),
	('ALIAS-00073', 'REF-00003'),
	('ALIAS-00073', 'REF-00023'),
	('ALIAS-00073', 'REF-00058'),
	('ALIAS-00073', 'REF-00072'),
	('ALIAS-00074', 'REF-00001'),
	('ALIAS-00074', 'REF-00002'),
	('ALIAS-00074', 'REF-00003'),
	('ALIAS-00074', 'REF-00023'),
	('ALIAS-00074', 'REF-00058'),
	('ALIAS-00074', 'REF-00072'),
	('ALIAS-00075', 'REF-00001'),
	('ALIAS-00075', 'REF-00002'),
	('ALIAS-00075', 'REF-00003'),
	('ALIAS-00075', 'REF-00023'),
	('ALIAS-00075', 'REF-00058'),
	('ALIAS-00075', 'REF-00072'),
	('ALIAS-00076', 'REF-00001'),
	('ALIAS-00076', 'REF-00002'),
	('ALIAS-00076', 'REF-00003'),
	('ALIAS-00076', 'REF-00023'),
	('ALIAS-00076', 'REF-00058'),
	('ALIAS-00076', 'REF-00072'),
	('ALIAS-00077', 'REF-00001'),
	('ALIAS-00077', 'REF-00002'),
	('ALIAS-00077', 'REF-00003'),
	('ALIAS-00077', 'REF-00023'),
	('ALIAS-00077', 'REF-00058'),
	('ALIAS-00077', 'REF-00072'),
	('ALIAS-00078', 'REF-00001'),
	('ALIAS-00078', 'REF-00002'),
	('ALIAS-00078', 'REF-00003'),
	('ALIAS-00078', 'REF-00023'),
	('ALIAS-00078', 'REF-00058'),
	('ALIAS-00078', 'REF-00072'),
	('ALIAS-00079', 'REF-00001'),
	('ALIAS-00079', 'REF-00002'),
	('ALIAS-00079', 'REF-00003'),
	('ALIAS-00079', 'REF-00025'),
	('ALIAS-00079', 'REF-00060'),
	('ALIAS-00079', 'REF-00072'),
	('ALIAS-00080', 'REF-00001'),
	('ALIAS-00080', 'REF-00002'),
	('ALIAS-00080', 'REF-00003'),
	('ALIAS-00080', 'REF-00025'),
	('ALIAS-00080', 'REF-00060'),
	('ALIAS-00080', 'REF-00072'),
	('ALIAS-00081', 'REF-00001'),
	('ALIAS-00081', 'REF-00002'),
	('ALIAS-00081', 'REF-00003'),
	('ALIAS-00081', 'REF-00025'),
	('ALIAS-00081', 'REF-00060'),
	('ALIAS-00081', 'REF-00072'),
	('ALIAS-00082', 'REF-00001'),
	('ALIAS-00082', 'REF-00002'),
	('ALIAS-00082', 'REF-00003'),
	('ALIAS-00082', 'REF-00025'),
	('ALIAS-00082', 'REF-00060'),
	('ALIAS-00082', 'REF-00072'),
	('ALIAS-00083', 'REF-00001'),
	('ALIAS-00083', 'REF-00002'),
	('ALIAS-00083', 'REF-00003'),
	('ALIAS-00083', 'REF-00025'),
	('ALIAS-00083', 'REF-00060'),
	('ALIAS-00083', 'REF-00072'),
	('ALIAS-00084', 'REF-00003'),
	('ALIAS-00084', 'REF-00026'),
	('ALIAS-00084', 'REF-00061'),
	('ALIAS-00085', 'REF-00001'),
	('ALIAS-00085', 'REF-00026'),
	('ALIAS-00085', 'REF-00061'),
	('ALIAS-00086', 'REF-00001'),
	('ALIAS-00086', 'REF-00026'),
	('ALIAS-00086', 'REF-00061'),
	('ALIAS-00087', 'REF-00001'),
	('ALIAS-00087', 'REF-00027'),
	('ALIAS-00087', 'REF-00062'),
	('ALIAS-00087', 'REF-00072'),
	('ALIAS-00088', 'REF-00001'),
	('ALIAS-00088', 'REF-00027'),
	('ALIAS-00088', 'REF-00062'),
	('ALIAS-00088', 'REF-00072'),
	('ALIAS-00089', 'REF-00001'),
	('ALIAS-00089', 'REF-00002'),
	('ALIAS-00089', 'REF-00003'),
	('ALIAS-00089', 'REF-00028'),
	('ALIAS-00089', 'REF-00063'),
	('ALIAS-00089', 'REF-00072'),
	('ALIAS-00090', 'REF-00001'),
	('ALIAS-00090', 'REF-00002'),
	('ALIAS-00090', 'REF-00003'),
	('ALIAS-00090', 'REF-00028'),
	('ALIAS-00090', 'REF-00063'),
	('ALIAS-00090', 'REF-00072'),
	('ALIAS-00091', 'REF-00001'),
	('ALIAS-00091', 'REF-00002'),
	('ALIAS-00091', 'REF-00003'),
	('ALIAS-00091', 'REF-00028'),
	('ALIAS-00091', 'REF-00063'),
	('ALIAS-00091', 'REF-00072'),
	('ALIAS-00092', 'REF-00001'),
	('ALIAS-00092', 'REF-00002'),
	('ALIAS-00092', 'REF-00003'),
	('ALIAS-00092', 'REF-00028'),
	('ALIAS-00092', 'REF-00063'),
	('ALIAS-00092', 'REF-00072'),
	('ALIAS-00093', 'REF-00001'),
	('ALIAS-00093', 'REF-00002'),
	('ALIAS-00093', 'REF-00003'),
	('ALIAS-00093', 'REF-00028'),
	('ALIAS-00093', 'REF-00063'),
	('ALIAS-00093', 'REF-00072'),
	('ALIAS-00094', 'REF-00001'),
	('ALIAS-00094', 'REF-00002'),
	('ALIAS-00094', 'REF-00003'),
	('ALIAS-00094', 'REF-00028'),
	('ALIAS-00094', 'REF-00063'),
	('ALIAS-00094', 'REF-00072'),
	('ALIAS-00095', 'REF-00001'),
	('ALIAS-00095', 'REF-00002'),
	('ALIAS-00095', 'REF-00003'),
	('ALIAS-00095', 'REF-00029'),
	('ALIAS-00095', 'REF-00064'),
	('ALIAS-00095', 'REF-00072'),
	('ALIAS-00096', 'REF-00001'),
	('ALIAS-00096', 'REF-00002'),
	('ALIAS-00096', 'REF-00003'),
	('ALIAS-00096', 'REF-00029'),
	('ALIAS-00096', 'REF-00064'),
	('ALIAS-00096', 'REF-00072'),
	('ALIAS-00097', 'REF-00001'),
	('ALIAS-00097', 'REF-00002'),
	('ALIAS-00097', 'REF-00003'),
	('ALIAS-00097', 'REF-00029'),
	('ALIAS-00097', 'REF-00064'),
	('ALIAS-00097', 'REF-00072'),
	('ALIAS-00098', 'REF-00001'),
	('ALIAS-00098', 'REF-00002'),
	('ALIAS-00098', 'REF-00003'),
	('ALIAS-00098', 'REF-00029'),
	('ALIAS-00098', 'REF-00064'),
	('ALIAS-00098', 'REF-00072'),
	('ALIAS-00099', 'REF-00001'),
	('ALIAS-00099', 'REF-00002'),
	('ALIAS-00099', 'REF-00003'),
	('ALIAS-00099', 'REF-00030'),
	('ALIAS-00099', 'REF-00065'),
	('ALIAS-00099', 'REF-00072'),
	('ALIAS-00100', 'REF-00001'),
	('ALIAS-00100', 'REF-00002'),
	('ALIAS-00100', 'REF-00003'),
	('ALIAS-00100', 'REF-00030'),
	('ALIAS-00100', 'REF-00065'),
	('ALIAS-00100', 'REF-00072'),
	('ALIAS-00101', 'REF-00001'),
	('ALIAS-00101', 'REF-00002'),
	('ALIAS-00101', 'REF-00003'),
	('ALIAS-00101', 'REF-00030'),
	('ALIAS-00101', 'REF-00065'),
	('ALIAS-00101', 'REF-00072'),
	('ALIAS-00102', 'REF-00001'),
	('ALIAS-00102', 'REF-00002'),
	('ALIAS-00102', 'REF-00003'),
	('ALIAS-00102', 'REF-00030'),
	('ALIAS-00102', 'REF-00065'),
	('ALIAS-00102', 'REF-00072'),
	('ALIAS-00103', 'REF-00001'),
	('ALIAS-00103', 'REF-00002'),
	('ALIAS-00103', 'REF-00003'),
	('ALIAS-00103', 'REF-00030'),
	('ALIAS-00103', 'REF-00065'),
	('ALIAS-00103', 'REF-00072'),
	('ALIAS-00104', 'REF-00001'),
	('ALIAS-00104', 'REF-00002'),
	('ALIAS-00104', 'REF-00003'),
	('ALIAS-00104', 'REF-00031'),
	('ALIAS-00104', 'REF-00066'),
	('ALIAS-00104', 'REF-00072'),
	('ALIAS-00105', 'REF-00001'),
	('ALIAS-00105', 'REF-00002'),
	('ALIAS-00105', 'REF-00003'),
	('ALIAS-00105', 'REF-00031'),
	('ALIAS-00105', 'REF-00066'),
	('ALIAS-00105', 'REF-00072'),
	('ALIAS-00106', 'REF-00001'),
	('ALIAS-00106', 'REF-00002'),
	('ALIAS-00106', 'REF-00003'),
	('ALIAS-00106', 'REF-00031'),
	('ALIAS-00106', 'REF-00066'),
	('ALIAS-00106', 'REF-00072'),
	('ALIAS-00107', 'REF-00001'),
	('ALIAS-00107', 'REF-00032'),
	('ALIAS-00107', 'REF-00067'),
	('ALIAS-00107', 'REF-00072'),
	('ALIAS-00108', 'REF-00001'),
	('ALIAS-00108', 'REF-00032'),
	('ALIAS-00108', 'REF-00067'),
	('ALIAS-00108', 'REF-00072'),
	('ALIAS-00109', 'REF-00001'),
	('ALIAS-00109', 'REF-00032'),
	('ALIAS-00109', 'REF-00067'),
	('ALIAS-00109', 'REF-00072'),
	('ALIAS-00110', 'REF-00001'),
	('ALIAS-00110', 'REF-00033'),
	('ALIAS-00110', 'REF-00068'),
	('ALIAS-00111', 'REF-00001'),
	('ALIAS-00111', 'REF-00033'),
	('ALIAS-00111', 'REF-00068'),
	('ALIAS-00112', 'REF-00001'),
	('ALIAS-00112', 'REF-00033'),
	('ALIAS-00112', 'REF-00068'),
	('ALIAS-00113', 'REF-00001'),
	('ALIAS-00113', 'REF-00034'),
	('ALIAS-00113', 'REF-00069'),
	('ALIAS-00114', 'REF-00001'),
	('ALIAS-00114', 'REF-00034'),
	('ALIAS-00114', 'REF-00069'),
	('ALIAS-00115', 'REF-00001'),
	('ALIAS-00115', 'REF-00034'),
	('ALIAS-00115', 'REF-00069'),
	('ALIAS-00116', 'REF-00001'),
	('ALIAS-00116', 'REF-00002'),
	('ALIAS-00116', 'REF-00003'),
	('ALIAS-00116', 'REF-00035'),
	('ALIAS-00116', 'REF-00070'),
	('ALIAS-00116', 'REF-00072'),
	('ALIAS-00117', 'REF-00001'),
	('ALIAS-00117', 'REF-00002'),
	('ALIAS-00117', 'REF-00003'),
	('ALIAS-00117', 'REF-00035'),
	('ALIAS-00117', 'REF-00070'),
	('ALIAS-00117', 'REF-00072'),
	('ALIAS-00118', 'REF-00001'),
	('ALIAS-00118', 'REF-00002'),
	('ALIAS-00118', 'REF-00003'),
	('ALIAS-00118', 'REF-00035'),
	('ALIAS-00118', 'REF-00070'),
	('ALIAS-00118', 'REF-00072'),
	('ALIAS-00119', 'REF-00001'),
	('ALIAS-00119', 'REF-00036'),
	('ALIAS-00119', 'REF-00037'),
	('ALIAS-00119', 'REF-00038'),
	('ALIAS-00119', 'REF-00071'),
	('ALIAS-00119', 'REF-00072'),
	('ALIAS-00120', 'REF-00001'),
	('ALIAS-00120', 'REF-00036'),
	('ALIAS-00120', 'REF-00037'),
	('ALIAS-00120', 'REF-00038'),
	('ALIAS-00120', 'REF-00071'),
	('ALIAS-00120', 'REF-00072'),
	('ALIAS-00121', 'REF-00001'),
	('ALIAS-00121', 'REF-00036'),
	('ALIAS-00121', 'REF-00037'),
	('ALIAS-00121', 'REF-00038'),
	('ALIAS-00121', 'REF-00071'),
	('ALIAS-00121', 'REF-00072'),
	('ALIAS-00122', 'REF-00001'),
	('ALIAS-00122', 'REF-00036'),
	('ALIAS-00122', 'REF-00037'),
	('ALIAS-00122', 'REF-00038'),
	('ALIAS-00122', 'REF-00071'),
	('ALIAS-00122', 'REF-00072'),
	('ALIAS-00123', 'REF-00001'),
	('ALIAS-00123', 'REF-00036'),
	('ALIAS-00123', 'REF-00037'),
	('ALIAS-00123', 'REF-00038'),
	('ALIAS-00123', 'REF-00071'),
	('ALIAS-00123', 'REF-00072'),
	('ALIAS-00124', 'REF-00001'),
	('ALIAS-00124', 'REF-00036'),
	('ALIAS-00124', 'REF-00037'),
	('ALIAS-00124', 'REF-00038'),
	('ALIAS-00124', 'REF-00071'),
	('ALIAS-00124', 'REF-00072');


--
-- Data for Name: formula; Type: TABLE DATA; Schema: public; Owner: postgres
--

INSERT INTO "public"."formula" ("formula_id", "canonical_name", "molecular_formula_hill", "molecular_weight", "molar_vol", "smiles", "inchi", "boiling_point", "flash_point", "vapour_pressure_min_20c", "vapour_pressure_max", "tlv_ppm", "liquid_density_at_20c", "water_solubility_g_l_at_20c", "water_solubility_boolean", "logp_min", "logp_max", "viscosity_cp_at_20c", "notes", "standard_data_source", "variant") VALUES
	('FORM-00023', 'mineral spirits', '(variable)', 197.47, NULL, NULL, NULL, 130, 230, 0.1, 1.4, NULL, 0.78, NULL, 1, 3.16, 7.06, NULL, 'mixture of hydrocarbons', 'https://pubchem.ncbi.nlm.nih.gov/compound/Stoddard-Solvent', NULL),
	('FORM-00030', 'turpentine', 'C10H16', 136.24, 158.14, '(mixture)', NULL, 149, 30, 0.25, 0.67, 100, 0.9, NULL, 1, 4.16, 4.83, NULL, 'natural resin mixture', 'https://pubchem.ncbi.nlm.nih.gov/compound/Turpentine', NULL),
	('FORM-00031', 'petroleum spirit', 'C7-C12', NULL, 135.14, '(mixture)', NULL, 60, 110, 4, 40, 300, 0.74, NULL, 1, NULL, NULL, NULL, 'commercial hydrocarbon mixture', 'https://pubchem.ncbi.nlm.nih.gov/compound/Ligroine', NULL),
	('FORM-00001', 'propanone', 'C3H6O', 58.08, 73.54, 'CC(=O)C', 'InChI=1S/C3H6O/c1-3(2)4/h1-2H3', 56, -18, 24, 24, 500, 0.78, NULL, 0, -0.24, -0.24, 0.33, 'standard', 'https://pubchem.ncbi.nlm.nih.gov/compound/180', NULL),
	('FORM-00003', 'benzyl alcohol', 'C7H8O', 108.13, 103.97, 'c1ccc(cc1)CO', 'InChI=1S/C7H8O/c8-7-6-4-2-1-3-5-6/h1-5,8H,7H2', 205.3, 93, 13.2, 13.2, 200, 1.04, 40, 0, 1.1, 1.1, 5, 'standard', 'https://pubchem.ncbi.nlm.nih.gov/compound/244', NULL),
	('FORM-00004', 'n-butyl alcohol', 'C4H10O', 74.12, 91.48, 'CCCC(O)', 'InChI=1S/C4H10O/c1-2-3-4-5/h5H,2-4H2,1H3', 118, 29, 0.67, 0.67, 20, 0.8, 66, 0, 0.88, 0.88, 3, 'standard', 'https://pubchem.ncbi.nlm.nih.gov/compound/263', NULL),
	('FORM-00005', '2-ethoxyethanol', 'C4H10O2', 90.12, 96.88, 'CCOCCO', 'InChI=1S/C4H10O2/c1-3-6-4-2-5/h5H,2-4H2,1H3', 135.7, 44, 1.2, 1.2, 5, 0.93, NULL, 0, -0.32, -0.32, 1.84, 'standard', 'https://pubchem.ncbi.nlm.nih.gov/compound/8076', NULL),
	('FORM-00006', '2-ethoxyethyl acetate', 'C6H12O3', 132.16, 134.9, 'CC(=O)OCCOCC', 'InChI=1S/C6H12O3/c1-5(7)9-4-6-8-2/h6H,2-4H2,1H3', 156, 51.1, 0.27, 0.27, 5, 0.97, 230, 0, 0.24, 0.24, 1.32, 'standard', 'https://pubchem.ncbi.nlm.nih.gov/compound/8095', NULL),
	('FORM-00019', 'methanol', 'CH4O', 32.04, 40.63, 'CO', 'InChI=1S/CH4O/c1-2/h2H,1H3', 65, 9, 12.9, 12.9, 200, 0.79, NULL, 0, -0.77, -0.77, 0.6, 'standard', 'https://pubchem.ncbi.nlm.nih.gov/compound/887', NULL),
	('FORM-00002', 'benzene', 'C6H6', 78.11, 88.75, 'c1ccccc1', 'InChI=1S/C6H6/c1-2-4-6-5-3-1/h1-6H', 80, 11, 10.6, 10.6, 0.2, 0.88, 1.8, 0, 2.13, 2.13, 0.65, 'standard', 'https://pubchem.ncbi.nlm.nih.gov/compound/241', NULL),
	('FORM-00007', 'trichloromethane', 'CHCl3', 119.37, 80.68, 'ClC(Cl)Cl', 'InChI=1S/CHCl3/c2-1(3)4/h1H', 61.1, NULL, 21.2, 21.2, 10, 1.47, 8.7, 0, 1.97, 1.97, 0.57, 'standard', 'https://pubchem.ncbi.nlm.nih.gov/compound/6212', NULL),
	('FORM-00008', 'cyclohexane', 'C6H12', 84.16, 107.95, 'C1CCCCC1', 'InChI=1S/C6H12/c1-2-4-6-5-3-1/h1-6H2', 81, 18, 10.3, 10.3, 100, 0.8, 0.052, 0, 3.44, 3.44, 0.98, 'standard', 'https://pubchem.ncbi.nlm.nih.gov/compound/8078', NULL),
	('FORM-00009', 'cyclohexanone', 'C6H10O', 98.15, 103.37, 'O=C1CCCCC1', 'InChI=1S/C6H10O/c1-2-4-6-5-3-1-7/h1-6H2', 156, 44, 500, 500, 25, 0.95, 87, 0, 0.81, 0.81, 2.2, 'standard', 'https://pubchem.ncbi.nlm.nih.gov/compound/7967', NULL),
	('FORM-00010', 'diacetone alcohol', 'C6H12O2', 116.16, 123.62, 'CC(=O)C(C)CO', 'InChI=1S/C6H12O2/c1-4(7)5(2)6-3-8/h5-6,8H,1-3H3', 170, 58, 0.108, 0.108, 50, 0.93, NULL, 0, NULL, NULL, NULL, 'standard', 'https://pubchem.ncbi.nlm.nih.gov/compound/31256', NULL),
	('FORM-00011', '1,2-dichloroethane', 'C2H4Cl2', 98.96, 79.84, 'ClCCCl', 'InChI=1S/C2H4Cl2/c3-1-2-4/h1-2H2', 83.4, 13, 8.7, 8.7, 10, 1.25, 8.7, 0, 1.48, 1.48, 0.84, 'standard', 'https://pubchem.ncbi.nlm.nih.gov/compound/11', NULL),
	('FORM-00012', 'N,N-dimethylformamide', 'C3H7NO', 73.09, 76.95, 'CN(C)C=O', 'InChI=1S/C3H7NO/c1-4(2)3/h1-2H3', 152.8, 58, 0.49, 0.49, 10, 0.95, NULL, 0, -1.01, -1.01, 0.92, 'standard', 'https://pubchem.ncbi.nlm.nih.gov/compound/6228', NULL),
	('FORM-00013', 'ethanol', 'C2H6O', 46.08, 58.35, 'CCO', 'InChI=1S/C2H6O/c1-2-3/h3H,2H2,1H3', 78.2, 12, 5.8, 5.8, 1000, 0.79, NULL, 0, -0.31, -0.31, 1.08, 'standard', 'https://pubchem.ncbi.nlm.nih.gov/compound/702', NULL),
	('FORM-00014', 'ethyl acetate', 'C4H8O2', 88.11, 97.89, 'CC(=O)OCC', 'InChI=1S/C4H8O2/c1-3(5)4-2/h1-2H3', 77.1, -4, 10, 10, 400, 0.9, 80, 0, 0.73, 0.73, 0.46, 'standard', 'https://pubchem.ncbi.nlm.nih.gov/compound/8857', NULL),
	('FORM-00015', 'n-heptane', 'C7H16', 100.21, 147.35, 'CCCCCCC', 'InChI=1S/C7H16/c1-3-5-6-7-4-2/h3-7H2,1-2H3', 98.4, -7, 4.6, 4.6, 400, 0.68, 0.0024, 0, 4.66, 4.66, 0.41, 'standard', 'https://pubchem.ncbi.nlm.nih.gov/compound/8900', NULL),
	('FORM-00016', 'n-hexane', 'C6H14', 86.18, 130.61, 'CCCCCC', 'InChI=1S/C6H14/c1-3-5-6-4-2/h3-6H2,1-2H3', 68.7, -22, 17, 17, 50, 0.66, 0.0095, 0, 3.9, 3.9, 0.31, 'standard', 'https://pubchem.ncbi.nlm.nih.gov/compound/8058', NULL),
	('FORM-00017', 'isoamyl acetate', 'C7H14O2', 130.19, 149.66, 'CC(C)CCOC(=O)C', 'InChI=1S/C7H14O2/c1-6(2)5-8-7(3)4/h6H,5H2,1-2H3', 142, 25, 0.533, 0.533, 50, 0.88, 2, 0, 2.25, 2.25, 1.03, 'standard', 'https://pubchem.ncbi.nlm.nih.gov/compound/31276', NULL),
	('FORM-00018', 'isopropanol', 'C3H8O', 60.1, 76.08, 'CC(C)O', 'InChI=1S/C3H8O/c1-3(2)4/h3-4H,1-2H3', 82.3, 11.7, 4.4, 4.4, 200, 0.78, NULL, 0, 0.05, 0.05, 2.038, 'standard', 'https://pubchem.ncbi.nlm.nih.gov/compound/3776', NULL),
	('FORM-00020', 'methyl isobutyl ketone', 'C6H12O', 100.16, 125.25, 'CC(C)CC(=O)C', 'InChI=1S/C6H12O/c1-4(2)5(3)6(7)8/h4-5H,1-3H3', 115.7, 14, 2.1, 2.1, 50, 0.8, 19.1, 0, 1.31, 1.31, NULL, 'standard', 'https://pubchem.ncbi.nlm.nih.gov/compound/7909', NULL),
	('FORM-00021', 'dichloromethane', 'CH2Cl2', 84.93, 63.83, 'ClCH2Cl', 'InChI=1S/CH2Cl2/c1-3-2/h1-2H2', 40, NULL, 47.4, 47.4, 50, 1.3, 1.322, 0, 1.25, 1.25, 0.437, 'standard', 'https://pubchem.ncbi.nlm.nih.gov/compound/6344', NULL),
	('FORM-00022', 'methylethylketone', 'C4H8O', 72.11, 89.01, 'CC(C)C=O', 'InChI=1S/C4H8O/c1-3-4(2)5/h3H2,1-2H3', 79.6, -9, 10.5, 10.5, 200, 0.8, 290, 0, 0.29, 0.29, 0.4, 'standard', 'https://pubchem.ncbi.nlm.nih.gov/compound/6569', NULL),
	('FORM-00024', 'n-octane', 'C8H18', 114.23, 163.14, 'CCCCCCCC', 'InChI=1S/C8H18/c1-3-5-6-7-8-4-2/h3-8H2,1-2H3', 125.6, 13, 1.33, 1.33, 300, 0.7, NULL, 1, 5.18, 5.18, 0.515, 'standard', 'https://pubchem.ncbi.nlm.nih.gov/compound/356', NULL),
	('FORM-00025', '1-propanol', 'C3H8O', 60.1, 74.2, 'CCCO', 'InChI=1S/C3H8O/c1-3-2-4/h3-4H,1-2H3', 97, 15, 2, 2, 200, 0.8, NULL, 0, 0.25, 0.25, 1.72, 'standard', 'https://pubchem.ncbi.nlm.nih.gov/compound/1031', NULL),
	('FORM-00026', 'pyridine', 'C5H5N', 79.1, 80.71, 'c1ccncc1', 'InChI=1S/C5H5N/c1-2-4-6-5-3-1/h1-5H', 115, 20, 2, 2, 5, 0.98, NULL, 0, 0.65, 0.65, 0.88, 'standard', 'https://pubchem.ncbi.nlm.nih.gov/compound/1049', NULL),
	('FORM-00027', 'tetrahydrofuran', 'C4H8O', 72.11, 81.01, 'C1CCOC1', 'InChI=1S/C4H8O/c1-2-4-3-5-1/h1-4H2', 66, -14.5, 19.3, 19.3, 100, 0.89, NULL, 0, 0.46, 0.46, 0.55, 'standard', 'https://pubchem.ncbi.nlm.nih.gov/compound/8028', NULL),
	('FORM-00028', 'toluene', 'C7H8', 92.14, 105.86, 'CC1=CC=CC=C1', 'InChI=1S/C7H8/c1-7-5-3-2-4-6-7/h2-6H,1H3', 110.6, 4, 3.8, 3.8, 50, 0.87, 0.587, 0, 2.7, 2.7, 0.59, 'standard', 'https://pubchem.ncbi.nlm.nih.gov/compound/1140', NULL),
	('FORM-00029', '1,1,1-trichloromethane', 'C2H3Cl3', 133.39, 99.55, 'C(C(Cl)Cl)Cl', 'InChI=1S/C2H3Cl3/c1-2(3,4)5/h1H3', 74, 93, 13.3, 13.3, 350, 1.31, 1.29, 0, 2.4, 2.4, 0.86, 'standard', 'https://pubchem.ncbi.nlm.nih.gov/compound/6278', NULL),
	('FORM-00032', 'water', 'H2O', 18.02, 18, 'O', 'InChI=1S/H2O/h1H2', 100, NULL, 2.33, 2.33, NULL, 1, NULL, 0, -0.5, -0.5, 0.89, 'standard', 'https://pubchem.ncbi.nlm.nih.gov/compound/962', NULL),
	('FORM-00033', 'xylene', 'C8H10', 106.16, 123.49, 'CC1=CC=CC=C1C', 'InChI=1S/C8H10/c1-7-5-3-2-4-6-8-7/h2-6H,1H3', 135, 25, 6.65, 8.88, 100, 0.86, 0.106, 0, NULL, NULL, NULL, 'standard', 'https://pubchem.ncbi.nlm.nih.gov/compound/Xylene', NULL);


--
-- Data for Name: hazard_code; Type: TABLE DATA; Schema: public; Owner: postgres
--

INSERT INTO "public"."hazard_code" ("hazard_id", "h_code", "hazard_statements") VALUES
	('HAZ-00000', 'H000', 'No recorded hazard'),
	('HAZ-00001', 'H200', 'Unstable Explosive'),
	('HAZ-00002', 'H201', 'Explosive; mass explosion hazard'),
	('HAZ-00003', 'H202', 'Explosive; severe projection hazard'),
	('HAZ-00004', 'H203', 'Explosive; fire, blast or projection hazard'),
	('HAZ-00005', 'H204', 'Fire or projection hazard'),
	('HAZ-00006', 'H205', 'May mass explode in fire'),
	('HAZ-00007', 'H220', 'Extremely flammable gas'),
	('HAZ-00008', 'H221', 'Flammable gas'),
	('HAZ-00009', 'H222', 'Extremely flammable aerosol'),
	('HAZ-00010', 'H223', 'Flammable aerosol'),
	('HAZ-00011', 'H224', 'Extremely flammable liquid and vapour'),
	('HAZ-00012', 'H225', 'Highly Flammable liquid and vapour'),
	('HAZ-00013', 'H226', 'Flammable liquid and vapour'),
	('HAZ-00014', 'H227', 'Combustible liquid'),
	('HAZ-00015', 'H228', 'Flammable solid'),
	('HAZ-00016', 'H240', 'Heating may cause an explosion'),
	('HAZ-00017', 'H241', 'Heating may cause a fire or explosion'),
	('HAZ-00018', 'H242', 'Heating may cause a fire'),
	('HAZ-00019', 'H250', 'Catches fire spontaneously if exposed to air'),
	('HAZ-00020', 'H251', 'Self-heating; may catch fire'),
	('HAZ-00021', 'H252', 'Self-heating in large quantities; may catch fire'),
	('HAZ-00022', 'H260', 'In contact with water releases flammable gases which may ignite spontaneously'),
	('HAZ-00023', 'H261', 'In contact with water releases flammable gas'),
	('HAZ-00024', 'H270', 'May cause or intensify fire; oxidiser'),
	('HAZ-00025', 'H271', 'May cause fire or explosion; strong oxidiser'),
	('HAZ-00026', 'H272', 'May intensify fire; oxidiser'),
	('HAZ-00027', 'H280', 'Contains gas under pressure; may explode if heated'),
	('HAZ-00028', 'H281', 'Contains refrigerated gas; may cause cryogenic burns or injury'),
	('HAZ-00029', 'H290', 'May be corrosive to metals'),
	('HAZ-00030', 'H300', 'Fatal if swallowed'),
	('HAZ-00031', 'H301', 'Toxic if swallowed'),
	('HAZ-00032', 'H302', 'Harmful if swallowed'),
	('HAZ-00033', 'H303', 'May be harmful if swallowed'),
	('HAZ-00034', 'H304', 'May be fatal if swallowed and enters airways'),
	('HAZ-00035', 'H305', 'May be fatal if swallowed and enters airways'),
	('HAZ-00036', 'H310', 'Fatal in contact with skin'),
	('HAZ-00037', 'H311', 'Toxic in contact with skin'),
	('HAZ-00038', 'H312', 'Harmful in contact with skin'),
	('HAZ-00039', 'H313', 'May be harmful in contact with skin'),
	('HAZ-00040', 'H314', 'Causes severe skin burns and eye damage'),
	('HAZ-00041', 'H315', 'Causes skin irritation'),
	('HAZ-00042', 'H316', 'Causes mild skin irritation'),
	('HAZ-00043', 'H317', 'May cause an allergic skin reaction'),
	('HAZ-00044', 'H318', 'Causes serious eye damage'),
	('HAZ-00045', 'H319', 'Causes serious eye irritation'),
	('HAZ-00046', 'H320', 'Causes eye irritation'),
	('HAZ-00047', 'H330', 'Fatal if inhaled'),
	('HAZ-00048', 'H331', 'Toxic if inhaled'),
	('HAZ-00049', 'H332', 'Harmful if inhaled'),
	('HAZ-00050', 'H333', 'May be harmful if inhaled'),
	('HAZ-00051', 'H334', 'May cause allergy or asthma symptoms or breathing difficulties if inhaled'),
	('HAZ-00052', 'H335', 'May cause respiratory irritation'),
	('HAZ-00053', 'H336', 'May cause drowsiness or dizziness'),
	('HAZ-00054', 'H340', 'May cause genetic defects'),
	('HAZ-00055', 'H341', 'Suspected of causing genetic defects'),
	('HAZ-00056', 'H350', 'May cause cancer'),
	('HAZ-00057', 'H351', 'Suspected of causing cancer'),
	('HAZ-00058', 'H360', 'May damage fertility or the unborn child'),
	('HAZ-00059', 'H361', 'Suspected of damaging fertility or the unborn child'),
	('HAZ-00060', 'H362', 'May cause harm to breast-fed children'),
	('HAZ-00061', 'H370', 'Causes damage to organs'),
	('HAZ-00062', 'H371', 'May cause damage to organs'),
	('HAZ-00063', 'H372', 'Causes damage to organs through prolonged or repeated exposure'),
	('HAZ-00064', 'H373', 'May cause damage to organs through prolonged or repeated exposure'),
	('HAZ-00065', 'H400', 'Very toxic to aquatic life'),
	('HAZ-00066', 'H401', 'Toxic to aquatic life'),
	('HAZ-00067', 'H402', 'Harmful to aquatic life'),
	('HAZ-00068', 'H410', 'Very toxic to aquatic life with long lasting effects'),
	('HAZ-00069', 'H411', 'Toxic to aquatic life with long lasting effects'),
	('HAZ-00070', 'H412', 'Harmful to aquatic life with long lasting effects'),
	('HAZ-00071', 'H413', 'May cause long lasting harmful effects to aquatic life'),
	('HAZ-00072', 'H420', 'Harms public health and the environment by destroying ozone in the upper atmosphere');


--
-- Data for Name: formula_hazard; Type: TABLE DATA; Schema: public; Owner: postgres
--

INSERT INTO "public"."formula_hazard" ("formula_id", "hazard_id") VALUES
	('FORM-00001', 'HAZ-00012'),
	('FORM-00001', 'HAZ-00045'),
	('FORM-00001', 'HAZ-00053'),
	('FORM-00002', 'HAZ-00012'),
	('FORM-00002', 'HAZ-00034'),
	('FORM-00002', 'HAZ-00041'),
	('FORM-00002', 'HAZ-00045'),
	('FORM-00002', 'HAZ-00054'),
	('FORM-00002', 'HAZ-00056'),
	('FORM-00002', 'HAZ-00064'),
	('FORM-00002', 'HAZ-00070'),
	('FORM-00003', 'HAZ-00032'),
	('FORM-00003', 'HAZ-00049'),
	('FORM-00003', 'HAZ-00043'),
	('FORM-00003', 'HAZ-00045'),
	('FORM-00004', 'HAZ-00032'),
	('FORM-00004', 'HAZ-00043'),
	('FORM-00004', 'HAZ-00045'),
	('FORM-00004', 'HAZ-00049'),
	('FORM-00005', 'HAZ-00013'),
	('FORM-00005', 'HAZ-00032'),
	('FORM-00005', 'HAZ-00048'),
	('FORM-00005', 'HAZ-00058'),
	('FORM-00006', 'HAZ-00013'),
	('FORM-00006', 'HAZ-00032'),
	('FORM-00006', 'HAZ-00038'),
	('FORM-00006', 'HAZ-00049'),
	('FORM-00006', 'HAZ-00058'),
	('FORM-00007', 'HAZ-00032'),
	('FORM-00007', 'HAZ-00041'),
	('FORM-00007', 'HAZ-00045'),
	('FORM-00007', 'HAZ-00048'),
	('FORM-00007', 'HAZ-00053'),
	('FORM-00007', 'HAZ-00057'),
	('FORM-00007', 'HAZ-00059'),
	('FORM-00007', 'HAZ-00064'),
	('FORM-00008', 'HAZ-00012'),
	('FORM-00008', 'HAZ-00034'),
	('FORM-00008', 'HAZ-00041'),
	('FORM-00008', 'HAZ-00053'),
	('FORM-00008', 'HAZ-00068'),
	('FORM-00009', 'HAZ-00013'),
	('FORM-00009', 'HAZ-00032'),
	('FORM-00009', 'HAZ-00038'),
	('FORM-00009', 'HAZ-00049'),
	('FORM-00009', 'HAZ-00041'),
	('FORM-00009', 'HAZ-00044'),
	('FORM-00009', 'HAZ-00052'),
	('FORM-00010', 'HAZ-00013'),
	('FORM-00010', 'HAZ-00045'),
	('FORM-00010', 'HAZ-00052'),
	('FORM-00010', 'HAZ-00059'),
	('FORM-00011', 'HAZ-00012'),
	('FORM-00011', 'HAZ-00032'),
	('FORM-00011', 'HAZ-00048'),
	('FORM-00011', 'HAZ-00041'),
	('FORM-00011', 'HAZ-00045'),
	('FORM-00011', 'HAZ-00056'),
	('FORM-00011', 'HAZ-00052'),
	('FORM-00011', 'HAZ-00034'),
	('FORM-00012', 'HAZ-00013'),
	('FORM-00012', 'HAZ-00038'),
	('FORM-00012', 'HAZ-00049'),
	('FORM-00012', 'HAZ-00045'),
	('FORM-00012', 'HAZ-00058'),
	('FORM-00013', 'HAZ-00012'),
	('FORM-00013', 'HAZ-00045'),
	('FORM-00014', 'HAZ-00012'),
	('FORM-00014', 'HAZ-00045'),
	('FORM-00014', 'HAZ-00053'),
	('FORM-00015', 'HAZ-00012'),
	('FORM-00015', 'HAZ-00034'),
	('FORM-00015', 'HAZ-00041'),
	('FORM-00015', 'HAZ-00053'),
	('FORM-00015', 'HAZ-00065'),
	('FORM-00015', 'HAZ-00068'),
	('FORM-00016', 'HAZ-00012'),
	('FORM-00016', 'HAZ-00034'),
	('FORM-00016', 'HAZ-00041'),
	('FORM-00016', 'HAZ-00053'),
	('FORM-00016', 'HAZ-00059'),
	('FORM-00016', 'HAZ-00064'),
	('FORM-00016', 'HAZ-00071'),
	('FORM-00017', 'HAZ-00013'),
	('FORM-00018', 'HAZ-00012'),
	('FORM-00018', 'HAZ-00045'),
	('FORM-00018', 'HAZ-00053'),
	('FORM-00019', 'HAZ-00012'),
	('FORM-00019', 'HAZ-00031'),
	('FORM-00019', 'HAZ-00037'),
	('FORM-00019', 'HAZ-00048'),
	('FORM-00019', 'HAZ-00061'),
	('FORM-00020', 'HAZ-00012'),
	('FORM-00020', 'HAZ-00045'),
	('FORM-00020', 'HAZ-00049'),
	('FORM-00020', 'HAZ-00053'),
	('FORM-00020', 'HAZ-00057'),
	('FORM-00021', 'HAZ-00041'),
	('FORM-00021', 'HAZ-00045'),
	('FORM-00021', 'HAZ-00053'),
	('FORM-00021', 'HAZ-00057'),
	('FORM-00022', 'HAZ-00012'),
	('FORM-00022', 'HAZ-00045'),
	('FORM-00022', 'HAZ-00053'),
	('FORM-00023', 'HAZ-00013'),
	('FORM-00023', 'HAZ-00034'),
	('FORM-00023', 'HAZ-00041'),
	('FORM-00023', 'HAZ-00045'),
	('FORM-00023', 'HAZ-00053'),
	('FORM-00023', 'HAZ-00071'),
	('FORM-00024', 'HAZ-00012'),
	('FORM-00024', 'HAZ-00034'),
	('FORM-00024', 'HAZ-00041'),
	('FORM-00024', 'HAZ-00053'),
	('FORM-00024', 'HAZ-00068'),
	('FORM-00025', 'HAZ-00012'),
	('FORM-00025', 'HAZ-00044'),
	('FORM-00025', 'HAZ-00053'),
	('FORM-00026', 'HAZ-00012'),
	('FORM-00026', 'HAZ-00032'),
	('FORM-00026', 'HAZ-00038'),
	('FORM-00026', 'HAZ-00041'),
	('FORM-00026', 'HAZ-00045'),
	('FORM-00026', 'HAZ-00049'),
	('FORM-00027', 'HAZ-00012'),
	('FORM-00027', 'HAZ-00032'),
	('FORM-00027', 'HAZ-00045'),
	('FORM-00027', 'HAZ-00052'),
	('FORM-00027', 'HAZ-00053'),
	('FORM-00027', 'HAZ-00057'),
	('FORM-00028', 'HAZ-00012'),
	('FORM-00028', 'HAZ-00034'),
	('FORM-00028', 'HAZ-00041'),
	('FORM-00028', 'HAZ-00053'),
	('FORM-00028', 'HAZ-00059'),
	('FORM-00028', 'HAZ-00064'),
	('FORM-00028', 'HAZ-00070'),
	('FORM-00029', 'HAZ-00049'),
	('FORM-00029', 'HAZ-00056'),
	('FORM-00029', 'HAZ-00067'),
	('FORM-00029', 'HAZ-00072'),
	('FORM-00030', 'HAZ-00013'),
	('FORM-00030', 'HAZ-00034'),
	('FORM-00030', 'HAZ-00042'),
	('FORM-00030', 'HAZ-00045'),
	('FORM-00030', 'HAZ-00052'),
	('FORM-00030', 'HAZ-00059'),
	('FORM-00030', 'HAZ-00064'),
	('FORM-00030', 'HAZ-00071'),
	('FORM-00031', 'HAZ-00012'),
	('FORM-00031', 'HAZ-00034'),
	('FORM-00031', 'HAZ-00041'),
	('FORM-00031', 'HAZ-00053'),
	('FORM-00031', 'HAZ-00071'),
	('FORM-00033', 'HAZ-00013'),
	('FORM-00033', 'HAZ-00034'),
	('FORM-00033', 'HAZ-00038'),
	('FORM-00033', 'HAZ-00041'),
	('FORM-00033', 'HAZ-00045'),
	('FORM-00033', 'HAZ-00049'),
	('FORM-00033', 'HAZ-00052');


--
-- Data for Name: hazard_classification; Type: TABLE DATA; Schema: public; Owner: postgres
--

INSERT INTO "public"."hazard_classification" ("classification_id", "hazard_id", "hazard_class", "category", "signal_word") VALUES
	('HCL-00000', 'HAZ-00000', 'No hazard', 'Category 0', 'No warning'),
	('HCL-00001', 'HAZ-00012', 'Flammable liquids', 'Category 2', 'Danger'),
	('HCL-00002', 'HAZ-00013', 'Flammable liquids', 'Category 3', 'Warning'),
	('HCL-00003', 'HAZ-00035', 'Acute toxicity, oral', 'Category 3', 'Danger'),
	('HCL-00004', 'HAZ-00036', 'Acute toxicity, oral', 'Category 4', 'Warning'),
	('HCL-00005', 'HAZ-00038', 'Aspiration hazard', 'Category 1', 'Danger'),
	('HCL-00006', 'HAZ-00041', 'Acute toxicity, dermal', 'Category 3', 'Danger'),
	('HCL-00007', 'HAZ-00042', 'Acute toxicity, dermal', 'Category 4', 'Warning'),
	('HCL-00008', 'HAZ-00045', 'Skin corrosion/irritation', 'Category 2', 'Warning'),
	('HCL-00009', 'HAZ-00046', 'Skin corrosion/irritation', 'Category 3', 'Warning'),
	('HCL-00010', 'HAZ-00047', 'Sensitisation, Skin', 'Category 1', 'Warning'),
	('HCL-00011', 'HAZ-00048', 'Serious eye damage/eye irritation', 'Category 1', 'Danger'),
	('HCL-00012', 'HAZ-00049', 'Serious eye damage/eye irritation', 'Category 2A', 'Warning'),
	('HCL-00013', 'HAZ-00052', 'Acute toxicity, inhalation', 'Category 3', 'Danger'),
	('HCL-00014', 'HAZ-00053', 'Acute toxicity, inhalation', 'Category 4', 'Warning'),
	('HCL-00015', 'HAZ-00056', 'Specific target organ toxicity, single exposure; Respiratory tract irritation', 'Category 3', 'Warning'),
	('HCL-00016', 'HAZ-00057', 'Specific target organ toxicity, single exposure; Narcotic effects', 'Category 3', 'Warning'),
	('HCL-00017', 'HAZ-00058', 'Germ cell mutagenicity', 'Category 1A', 'Danger'),
	('HCL-00018', 'HAZ-00058', 'Germ cell mutagenicity', 'Category 1B', 'Danger'),
	('HCL-00019', 'HAZ-00060', 'Carcinogenicity', 'Category 1A', 'Danger'),
	('HCL-00020', 'HAZ-00060', 'Carcinogenicity', 'Category 1B', 'Danger'),
	('HCL-00021', 'HAZ-00061', 'Carcinogenicity', 'Category 2', 'Warning'),
	('HCL-00022', 'HAZ-00062', 'Reproductive toxicity', 'Category 1A', 'Danger'),
	('HCL-00023', 'HAZ-00062', 'Reproductive toxicity', 'Category 1B', 'Danger'),
	('HCL-00024', 'HAZ-00063', 'Reproductive toxicity', 'Category 2', 'Warning'),
	('HCL-00025', 'HAZ-00065', 'Specific target organ toxicity, single exposure', 'Category 1', 'Danger'),
	('HCL-00026', 'HAZ-00067', 'Specific target organ toxicity, repeated exposure', 'Category 1', 'Danger'),
	('HCL-00027', 'HAZ-00068', 'Specific target organ toxicity, repeated exposure', 'Category 2', 'Warning'),
	('HCL-00028', 'HAZ-00069', 'Hazardous to the aquatic environment, acute hazard', 'Category 1', 'Warning'),
	('HCL-00029', 'HAZ-00071', 'Hazardous to the aquatic environment, acute hazard', 'Category 3', NULL),
	('HCL-00033', 'HAZ-00072', 'Hazardous to the ozone layer', 'Category 1', 'Warning');


--
-- Data for Name: p_code; Type: TABLE DATA; Schema: public; Owner: postgres
--

INSERT INTO "public"."p_code" ("p_code_id", "p_code", "phrase", "category", "notes") VALUES
	('PCODE-00001', 'P201', 'Obtain special instructions before use.', 'Prevention', NULL),
	('PCODE-00002', 'P202', 'Do not handle until all safety precautions have been read and understood.', 'Prevention', NULL),
	('PCODE-00003', 'P233', 'Keep container tightly closed.', 'Prevention', NULL),
	('PCODE-00004', 'P260', 'Do not breathe dust/fume/gas/mist/vapours/spray.', 'Prevention', NULL),
	('PCODE-00005', 'P261', 'Avoid breathing dust/fume/gas/mist/vapours/spray.', 'Prevention', NULL),
	('PCODE-00006', 'P264', 'Wash hands thoroughly after handling.', 'Prevention', NULL),
	('PCODE-00007', 'P270', 'Do not eat, drink or smoke when using this product.', 'Prevention', NULL),
	('PCODE-00008', 'P271', 'Use only outdoors or in a well-ventilated area.', 'Prevention', NULL),
	('PCODE-00009', 'P272', 'Contaminated work clothing should not be allowed out of the workplace.', 'Prevention', NULL),
	('PCODE-00010', 'P273', 'Avoid release to the environment.', 'Prevention', NULL),
	('PCODE-00011', 'P280', 'Wear protective gloves/protective clothing/eye protection/face protection.', 'Prevention', NULL),
	('PCODE-00012', 'P281', 'Use personal protective equipment as required.', 'Prevention', NULL),
	('PCODE-00013', 'P301', 'IF SWALLOWED:', 'Response', NULL),
	('PCODE-00014', 'P302', 'IF ON SKIN:', 'Response', NULL),
	('PCODE-00015', 'P304', 'IF INHALED', 'Response', NULL),
	('PCODE-00016', 'P305', 'IF IN EYES', 'Response', NULL),
	('PCODE-00017', 'P307', 'IF exposed', 'Response', NULL),
	('PCODE-00018', 'P308', 'IF exposed or concerned', 'Response', NULL),
	('PCODE-00019', 'P310', 'Immediately call a POISON CENTER or doctor/physician.', 'Response', NULL),
	('PCODE-00020', 'P311', 'Call a POISON CENTER or doctor/physician.', 'Response', NULL),
	('PCODE-00021', 'P312', 'Call a POISON CENTER or doctor/physician if you feel unwell.', 'Response', NULL),
	('PCODE-00022', 'P313', 'Get medical advice/attention.', 'Response', NULL),
	('PCODE-00023', 'P314', 'Get medical advice/attention if you feel unwell.', 'Response', NULL),
	('PCODE-00024', 'P321', 'Specific treatment (see … on this label).', 'Response', NULL),
	('PCODE-00025', 'P322', 'Specific measures (see … on this label).', 'Response', NULL),
	('PCODE-00026', 'P330', 'Rinse mouth.', 'Response', NULL),
	('PCODE-00027', 'P332', 'IF SKIN irritation occurs:', 'Response', NULL),
	('PCODE-00028', 'P337', 'If eye irritation persists:', 'Response', NULL),
	('PCODE-00029', 'P338', 'Remove contact lenses, if present and easy to do.', 'Response', NULL),
	('PCODE-00030', 'P340', 'Remove victim to fresh air and keep at rest in a position comfortable for breathing.', 'Response', NULL),
	('PCODE-00031', 'P351', 'Rinse cautiously with water for several minutes.', 'Response', NULL),
	('PCODE-00032', 'P352', 'Wash with plenty of soap and water.', 'Response', NULL),
	('PCODE-00033', 'P361', 'Remove/Take off immediately all contaminated clothing.', 'Response', NULL),
	('PCODE-00034', 'P362', 'Take off contaminated clothing and wash before reuse.', 'Response', NULL),
	('PCODE-00035', 'P363', 'Wash contaminated clothing before reuse.', 'Response', NULL),
	('PCODE-00036', 'P391', 'Collect spillage. Hazardous to the aquatic environment.', 'Response', NULL),
	('PCODE-00037', 'P403', 'Store in a well-ventilated place.', 'Storage', NULL),
	('PCODE-00038', 'P405', 'Store locked up.', 'Storage', NULL),
	('PCODE-00039', 'P501', 'Dispose of contents/container to..…', 'Disposal', NULL),
	('PCODE-00040', 'P502', 'Refer to manufacturer/supplier for information on recovery/recycling', 'Disposal', NULL),
	('PCODE-00041', 'P303', 'IF ON SKIN (or hair):', 'Response', NULL),
	('PCODE-00042', 'P370', 'In case of fire:', 'Response', NULL),
	('PCODE-00043', 'P380', 'Evacuate area.', 'Response', NULL),
	('PCODE-00044', 'P410', 'Store at temperatures not exceeding...°C/...°F.', 'Storage', NULL),
	('PCODE-00045', 'P412', 'Do not expose to temperatures exceeding 50°C/ 122°F.', 'Storage', NULL),
	('PCODE-00046', 'P353', 'Rinse skin with water [or shower].', 'Response', NULL),
	('PCODE-00047', 'P378', 'Use… to extinguish.', 'Response', NULL),
	('PCODE-00048', 'P375', 'Fight fire remotely due to the risk of explosion.', 'Response', NULL),
	('PCODE-00049', 'P235', 'Keep cool.', 'Prevention', NULL),
	('PCODE-00050', 'P334', 'Immerse in cool water [or wrap in wet bandages].', 'Response', NULL),
	('PCODE-00051', 'P402', 'Store in a dry place.', 'Storage', NULL),
	('PCODE-00052', 'P404', 'Store in a closed container.', 'Storage', NULL),
	('PCODE-00053', 'P306', 'IF ON CLOTHING:', 'Response', NULL),
	('PCODE-00054', 'P360', 'Rinse immediately contaminated clothing and skin with plenty of water before removing clothes.', 'Response', NULL),
	('PCODE-00055', 'P371', 'In case of major fire and large quantities:', 'Response', NULL);


--
-- Data for Name: hazard_pcode; Type: TABLE DATA; Schema: public; Owner: postgres
--

INSERT INTO "public"."hazard_pcode" ("hazard_id", "pcode_id") VALUES
	('HAZ-00035', 'PCODE-00006'),
	('HAZ-00035', 'PCODE-00007'),
	('HAZ-00035', 'PCODE-00013'),
	('HAZ-00035', 'PCODE-00019'),
	('HAZ-00035', 'PCODE-00024'),
	('HAZ-00035', 'PCODE-00026'),
	('HAZ-00035', 'PCODE-00038'),
	('HAZ-00035', 'PCODE-00039'),
	('HAZ-00041', 'PCODE-00011'),
	('HAZ-00041', 'PCODE-00014'),
	('HAZ-00041', 'PCODE-00021'),
	('HAZ-00041', 'PCODE-00025'),
	('HAZ-00041', 'PCODE-00032'),
	('HAZ-00041', 'PCODE-00033'),
	('HAZ-00041', 'PCODE-00035'),
	('HAZ-00041', 'PCODE-00038'),
	('HAZ-00041', 'PCODE-00039'),
	('HAZ-00042', 'PCODE-00011'),
	('HAZ-00042', 'PCODE-00014'),
	('HAZ-00042', 'PCODE-00021'),
	('HAZ-00042', 'PCODE-00025'),
	('HAZ-00042', 'PCODE-00032'),
	('HAZ-00042', 'PCODE-00035'),
	('HAZ-00042', 'PCODE-00039'),
	('HAZ-00045', 'PCODE-00006'),
	('HAZ-00045', 'PCODE-00011'),
	('HAZ-00045', 'PCODE-00014'),
	('HAZ-00045', 'PCODE-00022'),
	('HAZ-00045', 'PCODE-00024'),
	('HAZ-00045', 'PCODE-00027'),
	('HAZ-00045', 'PCODE-00032'),
	('HAZ-00045', 'PCODE-00034'),
	('HAZ-00046', 'PCODE-00022'),
	('HAZ-00046', 'PCODE-00027'),
	('HAZ-00047', 'PCODE-00005'),
	('HAZ-00047', 'PCODE-00009'),
	('HAZ-00047', 'PCODE-00011'),
	('HAZ-00047', 'PCODE-00014'),
	('HAZ-00047', 'PCODE-00022'),
	('HAZ-00047', 'PCODE-00024'),
	('HAZ-00047', 'PCODE-00027'),
	('HAZ-00047', 'PCODE-00032'),
	('HAZ-00047', 'PCODE-00035'),
	('HAZ-00047', 'PCODE-00039'),
	('HAZ-00048', 'PCODE-00011'),
	('HAZ-00048', 'PCODE-00016'),
	('HAZ-00048', 'PCODE-00019'),
	('HAZ-00048', 'PCODE-00029'),
	('HAZ-00048', 'PCODE-00031'),
	('HAZ-00049', 'PCODE-00006'),
	('HAZ-00049', 'PCODE-00011'),
	('HAZ-00049', 'PCODE-00016'),
	('HAZ-00049', 'PCODE-00022'),
	('HAZ-00049', 'PCODE-00028'),
	('HAZ-00049', 'PCODE-00029'),
	('HAZ-00049', 'PCODE-00031'),
	('HAZ-00052', 'PCODE-00003'),
	('HAZ-00052', 'PCODE-00005'),
	('HAZ-00052', 'PCODE-00008'),
	('HAZ-00052', 'PCODE-00015'),
	('HAZ-00052', 'PCODE-00020'),
	('HAZ-00052', 'PCODE-00024'),
	('HAZ-00052', 'PCODE-00037'),
	('HAZ-00052', 'PCODE-00038'),
	('HAZ-00052', 'PCODE-00039'),
	('HAZ-00053', 'PCODE-00005'),
	('HAZ-00053', 'PCODE-00008'),
	('HAZ-00053', 'PCODE-00015'),
	('HAZ-00053', 'PCODE-00021'),
	('HAZ-00053', 'PCODE-00030'),
	('HAZ-00057', 'PCODE-00003'),
	('HAZ-00057', 'PCODE-00005'),
	('HAZ-00057', 'PCODE-00008'),
	('HAZ-00057', 'PCODE-00015'),
	('HAZ-00057', 'PCODE-00020'),
	('HAZ-00057', 'PCODE-00021'),
	('HAZ-00057', 'PCODE-00037'),
	('HAZ-00057', 'PCODE-00038'),
	('HAZ-00057', 'PCODE-00039'),
	('HAZ-00061', 'PCODE-00001'),
	('HAZ-00061', 'PCODE-00002'),
	('HAZ-00061', 'PCODE-00012'),
	('HAZ-00061', 'PCODE-00018'),
	('HAZ-00061', 'PCODE-00022'),
	('HAZ-00061', 'PCODE-00038'),
	('HAZ-00061', 'PCODE-00039'),
	('HAZ-00063', 'PCODE-00001'),
	('HAZ-00063', 'PCODE-00002'),
	('HAZ-00063', 'PCODE-00012'),
	('HAZ-00063', 'PCODE-00018'),
	('HAZ-00063', 'PCODE-00022'),
	('HAZ-00063', 'PCODE-00038'),
	('HAZ-00063', 'PCODE-00039'),
	('HAZ-00065', 'PCODE-00004'),
	('HAZ-00065', 'PCODE-00006'),
	('HAZ-00065', 'PCODE-00007'),
	('HAZ-00065', 'PCODE-00017'),
	('HAZ-00065', 'PCODE-00020'),
	('HAZ-00065', 'PCODE-00024'),
	('HAZ-00065', 'PCODE-00038'),
	('HAZ-00065', 'PCODE-00039'),
	('HAZ-00067', 'PCODE-00004'),
	('HAZ-00067', 'PCODE-00006'),
	('HAZ-00067', 'PCODE-00007'),
	('HAZ-00067', 'PCODE-00023'),
	('HAZ-00067', 'PCODE-00039'),
	('HAZ-00068', 'PCODE-00004'),
	('HAZ-00068', 'PCODE-00023'),
	('HAZ-00068', 'PCODE-00039'),
	('HAZ-00069', 'PCODE-00010'),
	('HAZ-00069', 'PCODE-00036'),
	('HAZ-00069', 'PCODE-00039'),
	('HAZ-00072', 'PCODE-00010');


--
-- Data for Name: property_type; Type: TABLE DATA; Schema: public; Owner: postgres
--

INSERT INTO "public"."property_type" ("property_code", "property_name", "default_unit") VALUES
	('HANSEN_D', 'hansen_dispersion_parameter', 'MPa^0.5'),
	('HANSEN_P', 'hansen_polarity_parameter', 'MPa^0.5'),
	('HANSEN_H', 'hansen_hydrogen_bonding_parameter', 'MPa^0.5'),
	('BP', 'boiling_point', '°C'),
	('FP', 'flash_point', '°C'),
	('VP', 'vapour_pressure', 'mmHg'),
	('DENSITY', 'liquid_density', 'g/cm3'),
	('SOLUBILITY_WATER', 'water_solubility', 'g/L'),
	('LOGP', 'octanol_water_partition_coefficient', NULL),
	('VISCOSITY', 'viscosity', 'cP');


--
-- Data for Name: observation; Type: TABLE DATA; Schema: public; Owner: postgres
--

INSERT INTO "public"."observation" ("observation_id", "solvent_id", "property_code", "value", "unit", "conditions", "reference_id", "notes", "priority_score") VALUES
	('OBS-00311', 'SOLV-00020', 'HANSEN_P', 20.700000, '%', NULL, 'REF-00072', 'derived', 5),
	('OBS-00312', 'SOLV-00020', 'HANSEN_H', 28.900000, '%', NULL, 'REF-00072', 'derived', 5),
	('OBS-00313', 'SOLV-00021', 'HANSEN_D', 49.300000, '%', NULL, 'REF-00072', 'derived', 5),
	('OBS-00314', 'SOLV-00021', 'HANSEN_P', 21.100000, '%', NULL, 'REF-00072', 'derived', 5),
	('OBS-00315', 'SOLV-00021', 'HANSEN_H', 29.600000, '%', NULL, 'REF-00072', 'derived', 5),
	('OBS-00316', 'SOLV-00022', 'HANSEN_D', 50.400000, '%', NULL, 'REF-00072', 'derived', 5),
	('OBS-00317', 'SOLV-00022', 'HANSEN_P', 28.400000, '%', NULL, 'REF-00072', 'derived', 5),
	('OBS-00318', 'SOLV-00022', 'HANSEN_H', 21.200000, '%', NULL, 'REF-00072', 'derived', 5),
	('OBS-00319', 'SOLV-00024', 'HANSEN_D', 100.000000, '%', NULL, 'REF-00072', 'derived', 5),
	('OBS-00320', 'SOLV-00024', 'HANSEN_P', 0.000000, '%', NULL, 'REF-00072', 'derived', 5),
	('OBS-00321', 'SOLV-00024', 'HANSEN_H', 0.000000, '%', NULL, 'REF-00072', 'derived', 5),
	('OBS-00322', 'SOLV-00025', 'HANSEN_D', 39.800000, '%', NULL, 'REF-00072', 'derived', 5),
	('OBS-00323', 'SOLV-00025', 'HANSEN_P', 16.900000, '%', NULL, 'REF-00072', 'derived', 5),
	('OBS-00324', 'SOLV-00025', 'HANSEN_H', 43.300000, '%', NULL, 'REF-00072', 'derived', 5),
	('OBS-00325', 'SOLV-00026', 'HANSEN_D', 56.400000, '%', NULL, 'REF-00072', 'derived', 5),
	('OBS-00326', 'SOLV-00026', 'HANSEN_P', 26.100000, '%', NULL, 'REF-00072', 'derived', 5),
	('OBS-00327', 'SOLV-00026', 'HANSEN_H', 17.500000, '%', NULL, 'REF-00072', 'derived', 5),
	('OBS-00328', 'SOLV-00027', 'HANSEN_D', 55.100000, '%', NULL, 'REF-00072', 'derived', 5),
	('OBS-00329', 'SOLV-00027', 'HANSEN_P', 18.700000, '%', NULL, 'REF-00072', 'derived', 5),
	('OBS-00330', 'SOLV-00027', 'HANSEN_H', 26.200000, '%', NULL, 'REF-00072', 'derived', 5),
	('OBS-00331', 'SOLV-00028', 'HANSEN_D', 84.100000, '%', NULL, 'REF-00072', 'derived', 5),
	('OBS-00332', 'SOLV-00028', 'HANSEN_P', 6.500000, '%', NULL, 'REF-00072', 'derived', 5),
	('OBS-00333', 'SOLV-00028', 'HANSEN_H', 9.300000, '%', NULL, 'REF-00072', 'derived', 5),
	('OBS-00334', 'SOLV-00029', 'HANSEN_D', 72.700000, '%', NULL, 'REF-00072', 'derived', 5),
	('OBS-00335', 'SOLV-00029', 'HANSEN_P', 18.600000, '%', NULL, 'REF-00072', 'derived', 5),
	('OBS-00336', 'SOLV-00029', 'HANSEN_H', 8.700000, '%', NULL, 'REF-00072', 'derived', 5),
	('OBS-00337', 'SOLV-00032', 'HANSEN_D', 21.000000, '%', NULL, 'REF-00072', 'derived', 5),
	('OBS-00338', 'SOLV-00032', 'HANSEN_P', 21.700000, '%', NULL, 'REF-00072', 'derived', 5),
	('OBS-00339', 'SOLV-00032', 'HANSEN_H', 57.300000, '%', NULL, 'REF-00072', 'derived', 5),
	('OBS-00340', 'SOLV-00033', 'HANSEN_D', 81.300000, '%', NULL, 'REF-00072', 'derived', 5),
	('OBS-00341', 'SOLV-00033', 'HANSEN_P', 4.600000, '%', NULL, 'REF-00072', 'derived', 5),
	('OBS-00342', 'SOLV-00033', 'HANSEN_H', 14.100000, '%', NULL, 'REF-00072', 'derived', 5),
	('OBS-00343', 'SOLV-00001', 'HANSEN_D', 15.500000, 'MPa^0.5', NULL, 'REF-00072', NULL, 10),
	('OBS-00344', 'SOLV-00001', 'HANSEN_P', 10.400000, 'MPa^0.5', NULL, 'REF-00072', NULL, 10),
	('OBS-00345', 'SOLV-00001', 'HANSEN_H', 7.000000, 'MPa^0.5', NULL, 'REF-00072', NULL, 10),
	('OBS-00346', 'SOLV-00002', 'HANSEN_D', 18.400000, 'MPa^0.5', NULL, 'REF-00072', NULL, 10),
	('OBS-00347', 'SOLV-00002', 'HANSEN_P', 0.000000, 'MPa^0.5', NULL, 'REF-00072', NULL, 10),
	('OBS-00348', 'SOLV-00002', 'HANSEN_H', 2.000000, 'MPa^0.5', NULL, 'REF-00072', NULL, 10),
	('OBS-00349', 'SOLV-00003', 'HANSEN_D', 18.400000, 'MPa^0.5', NULL, 'REF-00072', NULL, 10),
	('OBS-00350', 'SOLV-00003', 'HANSEN_P', 6.300000, 'MPa^0.5', NULL, 'REF-00072', NULL, 10),
	('OBS-00351', 'SOLV-00003', 'HANSEN_H', 13.700000, 'MPa^0.5', NULL, 'REF-00072', NULL, 10),
	('OBS-00352', 'SOLV-00004', 'HANSEN_D', 16.000000, 'MPa^0.5', NULL, 'REF-00072', NULL, 10),
	('OBS-00353', 'SOLV-00004', 'HANSEN_P', 5.700000, 'MPa^0.5', NULL, 'REF-00072', NULL, 10),
	('OBS-00354', 'SOLV-00004', 'HANSEN_H', 15.800000, 'MPa^0.5', NULL, 'REF-00072', NULL, 10),
	('OBS-00355', 'SOLV-00005', 'HANSEN_D', 15.700000, 'MPa^0.5', NULL, 'REF-00072', NULL, 10),
	('OBS-00356', 'SOLV-00005', 'HANSEN_P', 7.200000, 'MPa^0.5', NULL, 'REF-00072', NULL, 10),
	('OBS-00357', 'SOLV-00005', 'HANSEN_H', 14.000000, 'MPa^0.5', NULL, 'REF-00072', NULL, 10),
	('OBS-00358', 'SOLV-00006', 'HANSEN_D', 15.900000, 'MPa^0.5', NULL, 'REF-00072', NULL, 10),
	('OBS-00359', 'SOLV-00006', 'HANSEN_P', 4.700000, 'MPa^0.5', NULL, 'REF-00072', NULL, 10),
	('OBS-00360', 'SOLV-00006', 'HANSEN_H', 10.600000, 'MPa^0.5', NULL, 'REF-00072', NULL, 10),
	('OBS-00361', 'SOLV-00007', 'HANSEN_D', 17.800000, 'MPa^0.5', NULL, 'REF-00072', NULL, 10),
	('OBS-00362', 'SOLV-00007', 'HANSEN_P', 3.100000, 'MPa^0.5', NULL, 'REF-00072', NULL, 10),
	('OBS-00363', 'SOLV-00007', 'HANSEN_H', 5.700000, 'MPa^0.5', NULL, 'REF-00072', NULL, 10),
	('OBS-00364', 'SOLV-00008', 'HANSEN_D', 16.800000, 'MPa^0.5', NULL, 'REF-00072', NULL, 10),
	('OBS-00365', 'SOLV-00008', 'HANSEN_P', 0.000000, 'MPa^0.5', NULL, 'REF-00072', NULL, 10),
	('OBS-00366', 'SOLV-00008', 'HANSEN_H', 0.200000, 'MPa^0.5', NULL, 'REF-00072', NULL, 10),
	('OBS-00367', 'SOLV-00009', 'HANSEN_D', 17.800000, 'MPa^0.5', NULL, 'REF-00072', NULL, 10),
	('OBS-00368', 'SOLV-00009', 'HANSEN_P', 8.400000, 'MPa^0.5', NULL, 'REF-00072', NULL, 10),
	('OBS-00369', 'SOLV-00009', 'HANSEN_H', 5.100000, 'MPa^0.5', NULL, 'REF-00072', NULL, 10),
	('OBS-00370', 'SOLV-00010', 'HANSEN_D', 15.800000, 'MPa^0.5', NULL, 'REF-00072', NULL, 10),
	('OBS-00371', 'SOLV-00010', 'HANSEN_P', 8.200000, 'MPa^0.5', NULL, 'REF-00072', NULL, 10),
	('OBS-00372', 'SOLV-00010', 'HANSEN_H', 10.800000, 'MPa^0.5', NULL, 'REF-00072', NULL, 10),
	('OBS-00373', 'SOLV-00011', 'HANSEN_D', 18.000000, 'MPa^0.5', NULL, 'REF-00072', NULL, 10),
	('OBS-00374', 'SOLV-00011', 'HANSEN_P', 7.400000, 'MPa^0.5', NULL, 'REF-00072', NULL, 10),
	('OBS-00375', 'SOLV-00011', 'HANSEN_H', 4.100000, 'MPa^0.5', NULL, 'REF-00072', NULL, 10),
	('OBS-00376', 'SOLV-00012', 'HANSEN_D', 17.400000, 'MPa^0.5', NULL, 'REF-00072', NULL, 10),
	('OBS-00377', 'SOLV-00012', 'HANSEN_P', 13.700000, 'MPa^0.5', NULL, 'REF-00072', NULL, 10),
	('OBS-00378', 'SOLV-00012', 'HANSEN_H', 11.300000, 'MPa^0.5', NULL, 'REF-00072', NULL, 10),
	('OBS-00379', 'SOLV-00013', 'HANSEN_D', 15.800000, 'MPa^0.5', NULL, 'REF-00072', NULL, 10),
	('OBS-00380', 'SOLV-00013', 'HANSEN_P', 5.300000, 'MPa^0.5', NULL, 'REF-00072', NULL, 10),
	('OBS-00381', 'SOLV-00013', 'HANSEN_H', 7.200000, 'MPa^0.5', NULL, 'REF-00072', NULL, 10),
	('OBS-00382', 'SOLV-00014', 'HANSEN_D', 15.800000, 'MPa^0.5', NULL, 'REF-00072', NULL, 10),
	('OBS-00383', 'SOLV-00014', 'HANSEN_P', 5.300000, 'MPa^0.5', NULL, 'REF-00072', NULL, 10),
	('OBS-00384', 'SOLV-00014', 'HANSEN_H', 7.200000, 'MPa^0.5', NULL, 'REF-00072', NULL, 10),
	('OBS-00385', 'SOLV-00015', 'HANSEN_D', 15.300000, 'MPa^0.5', NULL, 'REF-00072', NULL, 10),
	('OBS-00386', 'SOLV-00015', 'HANSEN_P', 0.000000, 'MPa^0.5', NULL, 'REF-00072', NULL, 10),
	('OBS-00387', 'SOLV-00015', 'HANSEN_H', 0.000000, 'MPa^0.5', NULL, 'REF-00072', NULL, 10),
	('OBS-00388', 'SOLV-00016', 'HANSEN_D', 14.900000, 'MPa^0.5', NULL, 'REF-00072', NULL, 10),
	('OBS-00389', 'SOLV-00016', 'HANSEN_P', 0.000000, 'MPa^0.5', NULL, 'REF-00072', NULL, 10),
	('OBS-00390', 'SOLV-00016', 'HANSEN_H', 0.000000, 'MPa^0.5', NULL, 'REF-00072', NULL, 10),
	('OBS-00391', 'SOLV-00017', 'HANSEN_D', 15.300000, 'MPa^0.5', NULL, 'REF-00072', NULL, 10),
	('OBS-00392', 'SOLV-00017', 'HANSEN_P', 3.100000, 'MPa^0.5', NULL, 'REF-00072', NULL, 10),
	('OBS-00393', 'SOLV-00017', 'HANSEN_H', 7.000000, 'MPa^0.5', NULL, 'REF-00072', NULL, 10),
	('OBS-00394', 'SOLV-00018', 'HANSEN_D', 15.800000, 'MPa^0.5', NULL, 'REF-00072', NULL, 10),
	('OBS-00395', 'SOLV-00018', 'HANSEN_P', 6.100000, 'MPa^0.5', NULL, 'REF-00072', NULL, 10),
	('OBS-00396', 'SOLV-00018', 'HANSEN_H', 16.400000, 'MPa^0.5', NULL, 'REF-00072', NULL, 10),
	('OBS-00397', 'SOLV-00019', 'HANSEN_D', 14.700000, 'MPa^0.5', NULL, 'REF-00072', NULL, 10),
	('OBS-00398', 'SOLV-00019', 'HANSEN_P', 12.300000, 'MPa^0.5', NULL, 'REF-00072', NULL, 10),
	('OBS-00399', 'SOLV-00019', 'HANSEN_H', 22.300000, 'MPa^0.5', NULL, 'REF-00072', NULL, 10),
	('OBS-00400', 'SOLV-00020', 'HANSEN_D', 15.300000, 'MPa^0.5', NULL, 'REF-00072', NULL, 10),
	('OBS-00401', 'SOLV-00020', 'HANSEN_P', 6.100000, 'MPa^0.5', NULL, 'REF-00072', NULL, 10),
	('OBS-00402', 'SOLV-00020', 'HANSEN_H', 4.100000, 'MPa^0.5', NULL, 'REF-00072', NULL, 10),
	('OBS-00403', 'SOLV-00021', 'HANSEN_D', 17.000000, 'MPa^0.5', NULL, 'REF-00072', NULL, 10),
	('OBS-00404', 'SOLV-00021', 'HANSEN_P', 7.300000, 'MPa^0.5', NULL, 'REF-00072', NULL, 10),
	('OBS-00405', 'SOLV-00021', 'HANSEN_H', 7.100000, 'MPa^0.5', NULL, 'REF-00072', NULL, 10),
	('OBS-00406', 'SOLV-00022', 'HANSEN_D', 16.000000, 'MPa^0.5', NULL, 'REF-00072', NULL, 10),
	('OBS-00407', 'SOLV-00022', 'HANSEN_P', 9.000000, 'MPa^0.5', NULL, 'REF-00072', NULL, 10),
	('OBS-00408', 'SOLV-00022', 'HANSEN_H', 5.100000, 'MPa^0.5', NULL, 'REF-00072', NULL, 10),
	('OBS-00409', 'SOLV-00024', 'HANSEN_D', 15.500000, 'MPa^0.5', NULL, 'REF-00072', NULL, 10),
	('OBS-00410', 'SOLV-00024', 'HANSEN_P', 0.000000, 'MPa^0.5', NULL, 'REF-00072', NULL, 10),
	('OBS-00411', 'SOLV-00024', 'HANSEN_H', 0.000000, 'MPa^0.5', NULL, 'REF-00072', NULL, 10),
	('OBS-00412', 'SOLV-00025', 'HANSEN_D', 16.000000, 'MPa^0.5', NULL, 'REF-00072', NULL, 10),
	('OBS-00413', 'SOLV-00025', 'HANSEN_P', 6.800000, 'MPa^0.5', NULL, 'REF-00072', NULL, 10),
	('OBS-00414', 'SOLV-00025', 'HANSEN_H', 17.400000, 'MPa^0.5', NULL, 'REF-00072', NULL, 10),
	('OBS-00415', 'SOLV-00026', 'HANSEN_D', 19.000000, 'MPa^0.5', NULL, 'REF-00072', NULL, 10),
	('OBS-00416', 'SOLV-00026', 'HANSEN_P', 8.800000, 'MPa^0.5', NULL, 'REF-00072', NULL, 10),
	('OBS-00417', 'SOLV-00026', 'HANSEN_H', 5.900000, 'MPa^0.5', NULL, 'REF-00072', NULL, 10),
	('OBS-00418', 'SOLV-00027', 'HANSEN_D', 16.800000, 'MPa^0.5', NULL, 'REF-00072', NULL, 10),
	('OBS-00419', 'SOLV-00027', 'HANSEN_P', 5.700000, 'MPa^0.5', NULL, 'REF-00072', NULL, 10),
	('OBS-00420', 'SOLV-00027', 'HANSEN_H', 8.000000, 'MPa^0.5', NULL, 'REF-00072', NULL, 10),
	('OBS-00421', 'SOLV-00028', 'HANSEN_D', 18.000000, 'MPa^0.5', NULL, 'REF-00072', NULL, 10),
	('OBS-00422', 'SOLV-00028', 'HANSEN_P', 1.400000, 'MPa^0.5', NULL, 'REF-00072', NULL, 10),
	('OBS-00423', 'SOLV-00028', 'HANSEN_H', 2.000000, 'MPa^0.5', NULL, 'REF-00072', NULL, 10),
	('OBS-00424', 'SOLV-00029', 'HANSEN_D', 16.800000, 'MPa^0.5', NULL, 'REF-00072', NULL, 10),
	('OBS-00425', 'SOLV-00029', 'HANSEN_P', 4.300000, 'MPa^0.5', NULL, 'REF-00072', NULL, 10),
	('OBS-00426', 'SOLV-00029', 'HANSEN_H', 2.000000, 'MPa^0.5', NULL, 'REF-00072', NULL, 10),
	('OBS-00427', 'SOLV-00032', 'HANSEN_D', 15.500000, 'MPa^0.5', NULL, 'REF-00072', NULL, 10),
	('OBS-00428', 'SOLV-00032', 'HANSEN_P', 16.000000, 'MPa^0.5', NULL, 'REF-00072', NULL, 10),
	('OBS-00429', 'SOLV-00032', 'HANSEN_H', 42.300000, 'MPa^0.5', NULL, 'REF-00072', NULL, 10),
	('OBS-00430', 'SOLV-00033', 'HANSEN_D', 17.800000, 'MPa^0.5', NULL, 'REF-00072', NULL, 10),
	('OBS-00431', 'SOLV-00033', 'HANSEN_P', 1.000000, 'MPa^0.5', NULL, 'REF-00072', NULL, 10),
	('OBS-00432', 'SOLV-00033', 'HANSEN_H', 3.100000, 'MPa^0.5', NULL, 'REF-00072', NULL, 10),
	('OBS-00001', 'SOLV-00001', 'HANSEN_D', 47.000000, '%', NULL, 'REF-00001', NULL, 5),
	('OBS-00002', 'SOLV-00001', 'HANSEN_P', 32.000000, '%', NULL, 'REF-00001', NULL, 5),
	('OBS-00003', 'SOLV-00001', 'HANSEN_H', 21.000000, '%', NULL, 'REF-00001', NULL, 5),
	('OBS-00004', 'SOLV-00001', 'HANSEN_D', 47.000000, '%', NULL, 'REF-00002', NULL, 5),
	('OBS-00005', 'SOLV-00001', 'HANSEN_P', 32.000000, '%', NULL, 'REF-00002', NULL, 5),
	('OBS-00006', 'SOLV-00001', 'HANSEN_H', 21.000000, '%', NULL, 'REF-00002', NULL, 5),
	('OBS-00007', 'SOLV-00001', 'HANSEN_D', 38.000000, '%', NULL, 'REF-00003', NULL, 5),
	('OBS-00008', 'SOLV-00001', 'HANSEN_P', 29.000000, '%', NULL, 'REF-00003', NULL, 5),
	('OBS-00009', 'SOLV-00001', 'HANSEN_H', 33.000000, '%', NULL, 'REF-00003', NULL, 5),
	('OBS-00010', 'SOLV-00002', 'HANSEN_D', 78.000000, '%', NULL, 'REF-00001', NULL, 5),
	('OBS-00011', 'SOLV-00002', 'HANSEN_P', 8.000000, '%', NULL, 'REF-00001', NULL, 5),
	('OBS-00012', 'SOLV-00002', 'HANSEN_H', 14.000000, '%', NULL, 'REF-00001', NULL, 5),
	('OBS-00013', 'SOLV-00002', 'HANSEN_D', 90.000000, '%', NULL, 'REF-00002', NULL, 5),
	('OBS-00014', 'SOLV-00002', 'HANSEN_P', 0.000000, '%', NULL, 'REF-00002', NULL, 5),
	('OBS-00015', 'SOLV-00002', 'HANSEN_H', 10.000000, '%', NULL, 'REF-00002', NULL, 5),
	('OBS-00016', 'SOLV-00002', 'HANSEN_D', 56.000000, '%', NULL, 'REF-00003', NULL, 5),
	('OBS-00017', 'SOLV-00002', 'HANSEN_P', 30.000000, '%', NULL, 'REF-00003', NULL, 5),
	('OBS-00018', 'SOLV-00002', 'HANSEN_H', 14.000000, '%', NULL, 'REF-00003', NULL, 5),
	('OBS-00019', 'SOLV-00003', 'HANSEN_D', 48.000000, '%', NULL, 'REF-00001', NULL, 5),
	('OBS-00020', 'SOLV-00003', 'HANSEN_P', 16.000000, '%', NULL, 'REF-00001', NULL, 5),
	('OBS-00021', 'SOLV-00003', 'HANSEN_H', 36.000000, '%', NULL, 'REF-00001', NULL, 5),
	('OBS-00022', 'SOLV-00003', 'HANSEN_D', 48.000000, '%', NULL, 'REF-00002', NULL, 5),
	('OBS-00023', 'SOLV-00003', 'HANSEN_P', 16.000000, '%', NULL, 'REF-00002', NULL, 5),
	('OBS-00024', 'SOLV-00003', 'HANSEN_H', 36.000000, '%', NULL, 'REF-00002', NULL, 5),
	('OBS-00025', 'SOLV-00003', 'HANSEN_D', 34.000000, '%', NULL, 'REF-00003', NULL, 5),
	('OBS-00026', 'SOLV-00003', 'HANSEN_P', 29.000000, '%', NULL, 'REF-00003', NULL, 5),
	('OBS-00027', 'SOLV-00003', 'HANSEN_H', 37.000000, '%', NULL, 'REF-00003', NULL, 5),
	('OBS-00028', 'SOLV-00004', 'HANSEN_D', 43.000000, '%', NULL, 'REF-00001', NULL, 5),
	('OBS-00029', 'SOLV-00004', 'HANSEN_P', 15.000000, '%', NULL, 'REF-00001', NULL, 5),
	('OBS-00030', 'SOLV-00004', 'HANSEN_H', 42.000000, '%', NULL, 'REF-00001', NULL, 5),
	('OBS-00031', 'SOLV-00004', 'HANSEN_D', 43.000000, '%', NULL, 'REF-00002', NULL, 5),
	('OBS-00032', 'SOLV-00004', 'HANSEN_P', 15.000000, '%', NULL, 'REF-00002', NULL, 5),
	('OBS-00033', 'SOLV-00004', 'HANSEN_H', 42.000000, '%', NULL, 'REF-00002', NULL, 5),
	('OBS-00034', 'SOLV-00004', 'HANSEN_D', 37.000000, '%', NULL, 'REF-00003', NULL, 5),
	('OBS-00035', 'SOLV-00004', 'HANSEN_P', 25.000000, '%', NULL, 'REF-00003', NULL, 5),
	('OBS-00036', 'SOLV-00004', 'HANSEN_H', 38.000000, '%', NULL, 'REF-00003', NULL, 5),
	('OBS-00037', 'SOLV-00005', 'HANSEN_D', 42.000000, '%', NULL, 'REF-00001', NULL, 5),
	('OBS-00038', 'SOLV-00005', 'HANSEN_P', 20.000000, '%', NULL, 'REF-00001', NULL, 5),
	('OBS-00039', 'SOLV-00005', 'HANSEN_H', 38.000000, '%', NULL, 'REF-00001', NULL, 5),
	('OBS-00040', 'SOLV-00005', 'HANSEN_D', 41.000000, '%', NULL, 'REF-00002', NULL, 5),
	('OBS-00041', 'SOLV-00005', 'HANSEN_P', 23.000000, '%', NULL, 'REF-00002', NULL, 5),
	('OBS-00042', 'SOLV-00005', 'HANSEN_H', 36.000000, '%', NULL, 'REF-00002', NULL, 5),
	('OBS-00043', 'SOLV-00005', 'HANSEN_D', 35.000000, '%', NULL, 'REF-00003', NULL, 5),
	('OBS-00044', 'SOLV-00005', 'HANSEN_P', 24.000000, '%', NULL, 'REF-00003', NULL, 5),
	('OBS-00045', 'SOLV-00005', 'HANSEN_H', 41.000000, '%', NULL, 'REF-00003', NULL, 5),
	('OBS-00046', 'SOLV-00006', 'HANSEN_D', 51.000000, '%', NULL, 'REF-00001', NULL, 5),
	('OBS-00047', 'SOLV-00006', 'HANSEN_P', 15.000000, '%', NULL, 'REF-00001', NULL, 5),
	('OBS-00048', 'SOLV-00006', 'HANSEN_H', 34.000000, '%', NULL, 'REF-00001', NULL, 5),
	('OBS-00049', 'SOLV-00006', 'HANSEN_D', 45.000000, '%', NULL, 'REF-00003', NULL, 5),
	('OBS-00050', 'SOLV-00006', 'HANSEN_P', 28.000000, '%', NULL, 'REF-00003', NULL, 5),
	('OBS-00051', 'SOLV-00006', 'HANSEN_H', 27.000000, '%', NULL, 'REF-00003', NULL, 5),
	('OBS-00052', 'SOLV-00007', 'HANSEN_D', 67.000000, '%', NULL, 'REF-00001', NULL, 5),
	('OBS-00053', 'SOLV-00007', 'HANSEN_P', 12.000000, '%', NULL, 'REF-00001', NULL, 5),
	('OBS-00054', 'SOLV-00007', 'HANSEN_H', 21.000000, '%', NULL, 'REF-00001', NULL, 5),
	('OBS-00055', 'SOLV-00007', 'HANSEN_D', 70.000000, '%', NULL, 'REF-00002', NULL, 5),
	('OBS-00056', 'SOLV-00007', 'HANSEN_P', 19.000000, '%', NULL, 'REF-00002', NULL, 5),
	('OBS-00057', 'SOLV-00007', 'HANSEN_H', 11.000000, '%', NULL, 'REF-00002', NULL, 5),
	('OBS-00058', 'SOLV-00007', 'HANSEN_D', 36.000000, '%', NULL, 'REF-00003', NULL, 5),
	('OBS-00059', 'SOLV-00007', 'HANSEN_P', 44.000000, '%', NULL, 'REF-00003', NULL, 5),
	('OBS-00060', 'SOLV-00007', 'HANSEN_H', 20.000000, '%', NULL, 'REF-00003', NULL, 5),
	('OBS-00061', 'SOLV-00008', 'HANSEN_D', 94.000000, '%', NULL, 'REF-00001', NULL, 5),
	('OBS-00062', 'SOLV-00008', 'HANSEN_P', 2.000000, '%', NULL, 'REF-00001', NULL, 5),
	('OBS-00063', 'SOLV-00008', 'HANSEN_H', 4.000000, '%', NULL, 'REF-00001', NULL, 5),
	('OBS-00064', 'SOLV-00008', 'HANSEN_D', 99.000000, '%', NULL, 'REF-00002', NULL, 5),
	('OBS-00065', 'SOLV-00008', 'HANSEN_P', 0.000000, '%', NULL, 'REF-00002', NULL, 5),
	('OBS-00066', 'SOLV-00008', 'HANSEN_H', 1.000000, '%', NULL, 'REF-00002', NULL, 5),
	('OBS-00067', 'SOLV-00008', 'HANSEN_D', 84.000000, '%', NULL, 'REF-00003', NULL, 5),
	('OBS-00068', 'SOLV-00008', 'HANSEN_P', 16.000000, '%', NULL, 'REF-00003', NULL, 5),
	('OBS-00069', 'SOLV-00008', 'HANSEN_H', 0.000000, '%', NULL, 'REF-00003', NULL, 5),
	('OBS-00070', 'SOLV-00009', 'HANSEN_D', 55.000000, '%', NULL, 'REF-00001', NULL, 5),
	('OBS-00071', 'SOLV-00009', 'HANSEN_P', 28.000000, '%', NULL, 'REF-00001', NULL, 5),
	('OBS-00072', 'SOLV-00009', 'HANSEN_H', 17.000000, '%', NULL, 'REF-00001', NULL, 5),
	('OBS-00073', 'SOLV-00009', 'HANSEN_D', 61.000000, '%', NULL, 'REF-00002', NULL, 5),
	('OBS-00074', 'SOLV-00009', 'HANSEN_P', 22.000000, '%', NULL, 'REF-00002', NULL, 5),
	('OBS-00075', 'SOLV-00009', 'HANSEN_H', 17.000000, '%', NULL, 'REF-00002', NULL, 5),
	('OBS-00076', 'SOLV-00009', 'HANSEN_D', 43.000000, '%', NULL, 'REF-00003', NULL, 5),
	('OBS-00077', 'SOLV-00009', 'HANSEN_P', 26.000000, '%', NULL, 'REF-00003', NULL, 5),
	('OBS-00078', 'SOLV-00009', 'HANSEN_H', 31.000000, '%', NULL, 'REF-00003', NULL, 5),
	('OBS-00079', 'SOLV-00010', 'HANSEN_D', 45.000000, '%', NULL, 'REF-00001', NULL, 5),
	('OBS-00080', 'SOLV-00010', 'HANSEN_P', 24.000000, '%', NULL, 'REF-00001', NULL, 5),
	('OBS-00081', 'SOLV-00010', 'HANSEN_H', 31.000000, '%', NULL, 'REF-00001', NULL, 5),
	('OBS-00082', 'SOLV-00010', 'HANSEN_D', 45.000000, '%', NULL, 'REF-00002', NULL, 5),
	('OBS-00083', 'SOLV-00010', 'HANSEN_P', 24.000000, '%', NULL, 'REF-00002', NULL, 5),
	('OBS-00084', 'SOLV-00010', 'HANSEN_H', 31.000000, '%', NULL, 'REF-00002', NULL, 5),
	('OBS-00085', 'SOLV-00010', 'HANSEN_D', 31.000000, '%', NULL, 'REF-00003', NULL, 5),
	('OBS-00086', 'SOLV-00010', 'HANSEN_P', 33.000000, '%', NULL, 'REF-00003', NULL, 5),
	('OBS-00087', 'SOLV-00010', 'HANSEN_H', 36.000000, '%', NULL, 'REF-00003', NULL, 5),
	('OBS-00088', 'SOLV-00011', 'HANSEN_D', 67.000000, '%', NULL, 'REF-00001', NULL, 5),
	('OBS-00089', 'SOLV-00011', 'HANSEN_P', 19.000000, '%', NULL, 'REF-00001', NULL, 5),
	('OBS-00090', 'SOLV-00011', 'HANSEN_H', 14.000000, '%', NULL, 'REF-00001', NULL, 5),
	('OBS-00091', 'SOLV-00011', 'HANSEN_D', 41.000000, '%', NULL, 'REF-00003', NULL, 5),
	('OBS-00092', 'SOLV-00011', 'HANSEN_P', 32.000000, '%', NULL, 'REF-00003', NULL, 5),
	('OBS-00093', 'SOLV-00011', 'HANSEN_H', 26.000000, '%', NULL, 'REF-00003', NULL, 5),
	('OBS-00094', 'SOLV-00012', 'HANSEN_D', 41.000000, '%', NULL, 'REF-00001', NULL, 5),
	('OBS-00095', 'SOLV-00012', 'HANSEN_P', 32.000000, '%', NULL, 'REF-00001', NULL, 5),
	('OBS-00096', 'SOLV-00012', 'HANSEN_H', 27.000000, '%', NULL, 'REF-00001', NULL, 5),
	('OBS-00097', 'SOLV-00012', 'HANSEN_D', 41.000000, '%', NULL, 'REF-00002', NULL, 5),
	('OBS-00098', 'SOLV-00012', 'HANSEN_P', 32.000000, '%', NULL, 'REF-00002', NULL, 5),
	('OBS-00099', 'SOLV-00012', 'HANSEN_H', 27.000000, '%', NULL, 'REF-00002', NULL, 5),
	('OBS-00100', 'SOLV-00013', 'HANSEN_D', 36.000000, '%', NULL, 'REF-00001', NULL, 5),
	('OBS-00101', 'SOLV-00013', 'HANSEN_P', 18.000000, '%', NULL, 'REF-00001', NULL, 5),
	('OBS-00102', 'SOLV-00013', 'HANSEN_H', 46.000000, '%', NULL, 'REF-00001', NULL, 5),
	('OBS-00103', 'SOLV-00013', 'HANSEN_D', 36.000000, '%', NULL, 'REF-00002', NULL, 5),
	('OBS-00104', 'SOLV-00013', 'HANSEN_P', 20.000000, '%', NULL, 'REF-00002', NULL, 5),
	('OBS-00105', 'SOLV-00013', 'HANSEN_H', 44.000000, '%', NULL, 'REF-00002', NULL, 5),
	('OBS-00106', 'SOLV-00013', 'HANSEN_D', 29.000000, '%', NULL, 'REF-00003', NULL, 5),
	('OBS-00107', 'SOLV-00013', 'HANSEN_P', 25.000000, '%', NULL, 'REF-00003', NULL, 5),
	('OBS-00108', 'SOLV-00013', 'HANSEN_H', 46.000000, '%', NULL, 'REF-00003', NULL, 5),
	('OBS-00109', 'SOLV-00014', 'HANSEN_D', 51.000000, '%', NULL, 'REF-00001', NULL, 5),
	('OBS-00110', 'SOLV-00014', 'HANSEN_P', 18.000000, '%', NULL, 'REF-00001', NULL, 5),
	('OBS-00111', 'SOLV-00014', 'HANSEN_H', 31.000000, '%', NULL, 'REF-00001', NULL, 5),
	('OBS-00112', 'SOLV-00014', 'HANSEN_D', 56.000000, '%', NULL, 'REF-00002', NULL, 5),
	('OBS-00113', 'SOLV-00014', 'HANSEN_P', 19.000000, '%', NULL, 'REF-00002', NULL, 5),
	('OBS-00114', 'SOLV-00014', 'HANSEN_H', 25.000000, '%', NULL, 'REF-00002', NULL, 5),
	('OBS-00115', 'SOLV-00014', 'HANSEN_D', 43.000000, '%', NULL, 'REF-00003', NULL, 5),
	('OBS-00116', 'SOLV-00014', 'HANSEN_P', 28.000000, '%', NULL, 'REF-00003', NULL, 5),
	('OBS-00117', 'SOLV-00014', 'HANSEN_H', 29.000000, '%', NULL, 'REF-00003', NULL, 5),
	('OBS-00118', 'SOLV-00015', 'HANSEN_D', 100.000000, '%', NULL, 'REF-00001', NULL, 5),
	('OBS-00119', 'SOLV-00015', 'HANSEN_P', 0.000000, '%', NULL, 'REF-00001', NULL, 5),
	('OBS-00120', 'SOLV-00015', 'HANSEN_H', 0.000000, '%', NULL, 'REF-00001', NULL, 5),
	('OBS-00121', 'SOLV-00015', 'HANSEN_D', 100.000000, '%', NULL, 'REF-00002', NULL, 5),
	('OBS-00122', 'SOLV-00015', 'HANSEN_P', 0.000000, '%', NULL, 'REF-00002', NULL, 5),
	('OBS-00123', 'SOLV-00015', 'HANSEN_H', 0.000000, '%', NULL, 'REF-00002', NULL, 5),
	('OBS-00124', 'SOLV-00015', 'HANSEN_D', 100.000000, '%', NULL, 'REF-00003', NULL, 5),
	('OBS-00125', 'SOLV-00015', 'HANSEN_P', 0.000000, '%', NULL, 'REF-00003', NULL, 5),
	('OBS-00126', 'SOLV-00015', 'HANSEN_H', 0.000000, '%', NULL, 'REF-00003', NULL, 5),
	('OBS-00127', 'SOLV-00016', 'HANSEN_D', 100.000000, '%', NULL, 'REF-00001', NULL, 5),
	('OBS-00128', 'SOLV-00016', 'HANSEN_P', 0.000000, '%', NULL, 'REF-00001', NULL, 5),
	('OBS-00129', 'SOLV-00016', 'HANSEN_H', 0.000000, '%', NULL, 'REF-00001', NULL, 5),
	('OBS-00130', 'SOLV-00016', 'HANSEN_D', 100.000000, '%', NULL, 'REF-00002', NULL, 5),
	('OBS-00131', 'SOLV-00016', 'HANSEN_P', 0.000000, '%', NULL, 'REF-00002', NULL, 5),
	('OBS-00132', 'SOLV-00016', 'HANSEN_H', 0.000000, '%', NULL, 'REF-00002', NULL, 5),
	('OBS-00133', 'SOLV-00016', 'HANSEN_D', 100.000000, '%', NULL, 'REF-00003', NULL, 5),
	('OBS-00134', 'SOLV-00016', 'HANSEN_P', 0.000000, '%', NULL, 'REF-00003', NULL, 5),
	('OBS-00135', 'SOLV-00016', 'HANSEN_H', 0.000000, '%', NULL, 'REF-00003', NULL, 5),
	('OBS-00136', 'SOLV-00017', 'HANSEN_D', 60.000000, '%', NULL, 'REF-00002', NULL, 5),
	('OBS-00137', 'SOLV-00017', 'HANSEN_P', 12.000000, '%', NULL, 'REF-00002', NULL, 5),
	('OBS-00138', 'SOLV-00017', 'HANSEN_H', 28.000000, '%', NULL, 'REF-00002', NULL, 5),
	('OBS-00139', 'SOLV-00018', 'HANSEN_D', 38.000000, '%', NULL, 'REF-00001', NULL, 5),
	('OBS-00140', 'SOLV-00018', 'HANSEN_P', 17.000000, '%', NULL, 'REF-00001', NULL, 5),
	('OBS-00141', 'SOLV-00018', 'HANSEN_H', 45.000000, '%', NULL, 'REF-00001', NULL, 5),
	('OBS-00142', 'SOLV-00018', 'HANSEN_D', 38.000000, '%', NULL, 'REF-00002', NULL, 5),
	('OBS-00143', 'SOLV-00018', 'HANSEN_P', 17.000000, '%', NULL, 'REF-00002', NULL, 5),
	('OBS-00144', 'SOLV-00018', 'HANSEN_H', 45.000000, '%', NULL, 'REF-00002', NULL, 5),
	('OBS-00145', 'SOLV-00018', 'HANSEN_D', 41.000000, '%', NULL, 'REF-00003', NULL, 5),
	('OBS-00146', 'SOLV-00018', 'HANSEN_P', 16.000000, '%', NULL, 'REF-00003', NULL, 5),
	('OBS-00147', 'SOLV-00018', 'HANSEN_H', 43.000000, '%', NULL, 'REF-00003', NULL, 5),
	('OBS-00148', 'SOLV-00019', 'HANSEN_D', 30.000000, '%', NULL, 'REF-00001', NULL, 5),
	('OBS-00149', 'SOLV-00019', 'HANSEN_P', 22.000000, '%', NULL, 'REF-00001', NULL, 5),
	('OBS-00150', 'SOLV-00019', 'HANSEN_H', 48.000000, '%', NULL, 'REF-00001', NULL, 5),
	('OBS-00151', 'SOLV-00019', 'HANSEN_D', 30.000000, '%', NULL, 'REF-00002', NULL, 5),
	('OBS-00152', 'SOLV-00019', 'HANSEN_P', 25.000000, '%', NULL, 'REF-00002', NULL, 5),
	('OBS-00153', 'SOLV-00019', 'HANSEN_H', 45.000000, '%', NULL, 'REF-00002', NULL, 5),
	('OBS-00154', 'SOLV-00019', 'HANSEN_D', 24.000000, '%', NULL, 'REF-00003', NULL, 5),
	('OBS-00155', 'SOLV-00019', 'HANSEN_P', 27.000000, '%', NULL, 'REF-00003', NULL, 5),
	('OBS-00156', 'SOLV-00019', 'HANSEN_H', 49.000000, '%', NULL, 'REF-00003', NULL, 5),
	('OBS-00157', 'SOLV-00020', 'HANSEN_D', 58.000000, '%', NULL, 'REF-00001', NULL, 5),
	('OBS-00158', 'SOLV-00020', 'HANSEN_P', 22.000000, '%', NULL, 'REF-00001', NULL, 5),
	('OBS-00159', 'SOLV-00020', 'HANSEN_H', 20.000000, '%', NULL, 'REF-00001', NULL, 5),
	('OBS-00160', 'SOLV-00020', 'HANSEN_D', 60.000000, '%', NULL, 'REF-00002', NULL, 5),
	('OBS-00161', 'SOLV-00020', 'HANSEN_P', 24.000000, '%', NULL, 'REF-00002', NULL, 5),
	('OBS-00162', 'SOLV-00020', 'HANSEN_H', 16.000000, '%', NULL, 'REF-00002', NULL, 5),
	('OBS-00163', 'SOLV-00020', 'HANSEN_D', 51.000000, '%', NULL, 'REF-00003', NULL, 5),
	('OBS-00164', 'SOLV-00020', 'HANSEN_P', 28.000000, '%', NULL, 'REF-00003', NULL, 5),
	('OBS-00165', 'SOLV-00020', 'HANSEN_H', 21.000000, '%', NULL, 'REF-00003', NULL, 5),
	('OBS-00166', 'SOLV-00021', 'HANSEN_D', 59.000000, '%', NULL, 'REF-00001', NULL, 5),
	('OBS-00167', 'SOLV-00021', 'HANSEN_P', 21.000000, '%', NULL, 'REF-00001', NULL, 5),
	('OBS-00168', 'SOLV-00021', 'HANSEN_H', 20.000000, '%', NULL, 'REF-00001', NULL, 5),
	('OBS-00169', 'SOLV-00021', 'HANSEN_D', 62.000000, '%', NULL, 'REF-00001', NULL, 5),
	('OBS-00170', 'SOLV-00021', 'HANSEN_P', 26.000000, '%', NULL, 'REF-00001', NULL, 5),
	('OBS-00171', 'SOLV-00021', 'HANSEN_H', 12.000000, '%', NULL, 'REF-00001', NULL, 5),
	('OBS-00172', 'SOLV-00021', 'HANSEN_D', 59.000000, '%', NULL, 'REF-00002', NULL, 5),
	('OBS-00173', 'SOLV-00021', 'HANSEN_P', 21.000000, '%', NULL, 'REF-00002', NULL, 5),
	('OBS-00174', 'SOLV-00021', 'HANSEN_H', 20.000000, '%', NULL, 'REF-00002', NULL, 5),
	('OBS-00175', 'SOLV-00021', 'HANSEN_D', 39.000000, '%', NULL, 'REF-00003', NULL, 5),
	('OBS-00176', 'SOLV-00021', 'HANSEN_P', 34.000000, '%', NULL, 'REF-00003', NULL, 5),
	('OBS-00177', 'SOLV-00021', 'HANSEN_H', 28.000000, '%', NULL, 'REF-00003', NULL, 5),
	('OBS-00178', 'SOLV-00022', 'HANSEN_D', 53.000000, '%', NULL, 'REF-00001', NULL, 5),
	('OBS-00179', 'SOLV-00022', 'HANSEN_P', 26.000000, '%', NULL, 'REF-00001', NULL, 5),
	('OBS-00180', 'SOLV-00022', 'HANSEN_H', 21.000000, '%', NULL, 'REF-00001', NULL, 5),
	('OBS-00181', 'SOLV-00022', 'HANSEN_D', 53.000000, '%', NULL, 'REF-00001', NULL, 5),
	('OBS-00182', 'SOLV-00022', 'HANSEN_P', 30.000000, '%', NULL, 'REF-00001', NULL, 5),
	('OBS-00183', 'SOLV-00022', 'HANSEN_H', 17.000000, '%', NULL, 'REF-00001', NULL, 5),
	('OBS-00184', 'SOLV-00022', 'HANSEN_D', 53.000000, '%', NULL, 'REF-00002', NULL, 5),
	('OBS-00185', 'SOLV-00022', 'HANSEN_P', 30.000000, '%', NULL, 'REF-00002', NULL, 5),
	('OBS-00186', 'SOLV-00022', 'HANSEN_H', 17.000000, '%', NULL, 'REF-00002', NULL, 5),
	('OBS-00187', 'SOLV-00022', 'HANSEN_D', 43.000000, '%', NULL, 'REF-00003', NULL, 5),
	('OBS-00188', 'SOLV-00022', 'HANSEN_P', 28.000000, '%', NULL, 'REF-00003', NULL, 5),
	('OBS-00189', 'SOLV-00022', 'HANSEN_H', 29.000000, '%', NULL, 'REF-00003', NULL, 5),
	('OBS-00190', 'SOLV-00023', 'HANSEN_D', 90.000000, '%', NULL, 'REF-00001', NULL, 5),
	('OBS-00191', 'SOLV-00023', 'HANSEN_P', 4.000000, '%', NULL, 'REF-00001', NULL, 5),
	('OBS-00192', 'SOLV-00023', 'HANSEN_H', 6.000000, '%', NULL, 'REF-00001', NULL, 5),
	('OBS-00193', 'SOLV-00024', 'HANSEN_D', 100.000000, '%', NULL, 'REF-00001', NULL, 5),
	('OBS-00194', 'SOLV-00024', 'HANSEN_P', 0.000000, '%', NULL, 'REF-00001', NULL, 5),
	('OBS-00195', 'SOLV-00024', 'HANSEN_H', 0.000000, '%', NULL, 'REF-00001', NULL, 5),
	('OBS-00196', 'SOLV-00025', 'HANSEN_D', 40.000000, '%', NULL, 'REF-00001', NULL, 5),
	('OBS-00197', 'SOLV-00025', 'HANSEN_P', 16.000000, '%', NULL, 'REF-00001', NULL, 5),
	('OBS-00198', 'SOLV-00025', 'HANSEN_H', 44.000000, '%', NULL, 'REF-00001', NULL, 5),
	('OBS-00199', 'SOLV-00025', 'HANSEN_D', 40.000000, '%', NULL, 'REF-00002', NULL, 5),
	('OBS-00200', 'SOLV-00025', 'HANSEN_P', 17.000000, '%', NULL, 'REF-00002', NULL, 5),
	('OBS-00201', 'SOLV-00025', 'HANSEN_H', 43.000000, '%', NULL, 'REF-00002', NULL, 5),
	('OBS-00202', 'SOLV-00025', 'HANSEN_D', 33.000000, '%', NULL, 'REF-00003', NULL, 5),
	('OBS-00203', 'SOLV-00025', 'HANSEN_P', 25.000000, '%', NULL, 'REF-00003', NULL, 5),
	('OBS-00204', 'SOLV-00025', 'HANSEN_H', 42.000000, '%', NULL, 'REF-00003', NULL, 5),
	('OBS-00205', 'SOLV-00026', 'HANSEN_D', 56.000000, '%', NULL, 'REF-00001', NULL, 5),
	('OBS-00206', 'SOLV-00026', 'HANSEN_P', 26.000000, '%', NULL, 'REF-00001', NULL, 5),
	('OBS-00207', 'SOLV-00026', 'HANSEN_H', 18.000000, '%', NULL, 'REF-00001', NULL, 5),
	('OBS-00208', 'SOLV-00026', 'HANSEN_D', 56.000000, '%', NULL, 'REF-00002', NULL, 5),
	('OBS-00209', 'SOLV-00026', 'HANSEN_P', 26.000000, '%', NULL, 'REF-00002', NULL, 5),
	('OBS-00210', 'SOLV-00026', 'HANSEN_H', 18.000000, '%', NULL, 'REF-00002', NULL, 5),
	('OBS-00211', 'SOLV-00026', 'HANSEN_D', 50.000000, '%', NULL, 'REF-00003', NULL, 5),
	('OBS-00212', 'SOLV-00026', 'HANSEN_P', 28.000000, '%', NULL, 'REF-00003', NULL, 5),
	('OBS-00213', 'SOLV-00026', 'HANSEN_H', 22.000000, '%', NULL, 'REF-00003', NULL, 5),
	('OBS-00214', 'SOLV-00027', 'HANSEN_D', 55.000000, '%', NULL, 'REF-00001', NULL, 5),
	('OBS-00215', 'SOLV-00027', 'HANSEN_P', 19.000000, '%', NULL, 'REF-00001', NULL, 5),
	('OBS-00216', 'SOLV-00027', 'HANSEN_H', 26.000000, '%', NULL, 'REF-00001', NULL, 5),
	('OBS-00217', 'SOLV-00027', 'HANSEN_D', 55.000000, '%', NULL, 'REF-00002', NULL, 5),
	('OBS-00218', 'SOLV-00027', 'HANSEN_P', 19.000000, '%', NULL, 'REF-00002', NULL, 5),
	('OBS-00219', 'SOLV-00027', 'HANSEN_H', 26.000000, '%', NULL, 'REF-00002', NULL, 5),
	('OBS-00220', 'SOLV-00027', 'HANSEN_D', 43.000000, '%', NULL, 'REF-00003', NULL, 5),
	('OBS-00221', 'SOLV-00027', 'HANSEN_P', 35.000000, '%', NULL, 'REF-00003', NULL, 5),
	('OBS-00222', 'SOLV-00027', 'HANSEN_H', 22.000000, '%', NULL, 'REF-00003', NULL, 5),
	('OBS-00223', 'SOLV-00028', 'HANSEN_D', 80.000000, '%', NULL, 'REF-00001', NULL, 5),
	('OBS-00224', 'SOLV-00028', 'HANSEN_P', 7.000000, '%', NULL, 'REF-00001', NULL, 5),
	('OBS-00225', 'SOLV-00028', 'HANSEN_H', 13.000000, '%', NULL, 'REF-00001', NULL, 5),
	('OBS-00226', 'SOLV-00028', 'HANSEN_D', 84.000000, '%', NULL, 'REF-00002', NULL, 5),
	('OBS-00227', 'SOLV-00028', 'HANSEN_P', 7.000000, '%', NULL, 'REF-00002', NULL, 5),
	('OBS-00228', 'SOLV-00028', 'HANSEN_H', 9.000000, '%', NULL, 'REF-00002', NULL, 5),
	('OBS-00229', 'SOLV-00028', 'HANSEN_D', 63.000000, '%', NULL, 'REF-00003', NULL, 5),
	('OBS-00230', 'SOLV-00028', 'HANSEN_P', 31.000000, '%', NULL, 'REF-00003', NULL, 5),
	('OBS-00231', 'SOLV-00028', 'HANSEN_H', 6.000000, '%', NULL, 'REF-00003', NULL, 5),
	('OBS-00232', 'SOLV-00029', 'HANSEN_D', 70.000000, '%', NULL, 'REF-00001', NULL, 5),
	('OBS-00233', 'SOLV-00029', 'HANSEN_P', 19.000000, '%', NULL, 'REF-00001', NULL, 5),
	('OBS-00234', 'SOLV-00029', 'HANSEN_H', 11.000000, '%', NULL, 'REF-00001', NULL, 5),
	('OBS-00235', 'SOLV-00030', 'HANSEN_D', 77.000000, '%', NULL, 'REF-00001', NULL, 5),
	('OBS-00236', 'SOLV-00030', 'HANSEN_P', 18.000000, '%', NULL, 'REF-00001', NULL, 5),
	('OBS-00237', 'SOLV-00030', 'HANSEN_H', 5.000000, '%', NULL, 'REF-00001', NULL, 5),
	('OBS-00238', 'SOLV-00031', 'HANSEN_D', 94.000000, '%', NULL, 'REF-00001', NULL, 5),
	('OBS-00239', 'SOLV-00031', 'HANSEN_P', 3.000000, '%', NULL, 'REF-00001', NULL, 5),
	('OBS-00240', 'SOLV-00031', 'HANSEN_H', 3.000000, '%', NULL, 'REF-00001', NULL, 5),
	('OBS-00241', 'SOLV-00032', 'HANSEN_D', 18.000000, '%', NULL, 'REF-00001', NULL, 5),
	('OBS-00242', 'SOLV-00032', 'HANSEN_P', 28.000000, '%', NULL, 'REF-00001', NULL, 5),
	('OBS-00243', 'SOLV-00032', 'HANSEN_H', 54.000000, '%', NULL, 'REF-00001', NULL, 5),
	('OBS-00244', 'SOLV-00032', 'HANSEN_D', 21.000000, '%', NULL, 'REF-00002', NULL, 5),
	('OBS-00245', 'SOLV-00032', 'HANSEN_P', 22.000000, '%', NULL, 'REF-00002', NULL, 5),
	('OBS-00246', 'SOLV-00032', 'HANSEN_H', 57.000000, '%', NULL, 'REF-00002', NULL, 5),
	('OBS-00247', 'SOLV-00032', 'HANSEN_D', 16.000000, '%', NULL, 'REF-00003', NULL, 5),
	('OBS-00248', 'SOLV-00032', 'HANSEN_P', 30.000000, '%', NULL, 'REF-00003', NULL, 5),
	('OBS-00249', 'SOLV-00032', 'HANSEN_H', 54.000000, '%', NULL, 'REF-00003', NULL, 5),
	('OBS-00250', 'SOLV-00033', 'HANSEN_D', 83.000000, '%', NULL, 'REF-00001', NULL, 5),
	('OBS-00251', 'SOLV-00033', 'HANSEN_P', 5.000000, '%', NULL, 'REF-00001', NULL, 5),
	('OBS-00252', 'SOLV-00033', 'HANSEN_H', 12.000000, '%', NULL, 'REF-00001', NULL, 5),
	('OBS-00253', 'SOLV-00001', 'HANSEN_D', 47.100000, '%', NULL, 'REF-00072', 'derived', 5),
	('OBS-00254', 'SOLV-00001', 'HANSEN_P', 31.600000, '%', NULL, 'REF-00072', 'derived', 5),
	('OBS-00255', 'SOLV-00001', 'HANSEN_H', 21.300000, '%', NULL, 'REF-00072', 'derived', 5),
	('OBS-00256', 'SOLV-00002', 'HANSEN_D', 90.200000, '%', NULL, 'REF-00072', 'derived', 5),
	('OBS-00257', 'SOLV-00002', 'HANSEN_P', 0.000000, '%', NULL, 'REF-00072', 'derived', 5),
	('OBS-00258', 'SOLV-00002', 'HANSEN_H', 9.800000, '%', NULL, 'REF-00072', 'derived', 5),
	('OBS-00259', 'SOLV-00003', 'HANSEN_D', 47.900000, '%', NULL, 'REF-00072', 'derived', 5),
	('OBS-00260', 'SOLV-00003', 'HANSEN_P', 16.400000, '%', NULL, 'REF-00072', 'derived', 5),
	('OBS-00261', 'SOLV-00003', 'HANSEN_H', 35.700000, '%', NULL, 'REF-00072', 'derived', 5),
	('OBS-00262', 'SOLV-00004', 'HANSEN_D', 43.100000, '%', NULL, 'REF-00072', 'derived', 5),
	('OBS-00263', 'SOLV-00004', 'HANSEN_P', 15.400000, '%', NULL, 'REF-00072', 'derived', 5),
	('OBS-00264', 'SOLV-00004', 'HANSEN_H', 41.500000, '%', NULL, 'REF-00072', 'derived', 5),
	('OBS-00265', 'SOLV-00005', 'HANSEN_D', 42.500000, '%', NULL, 'REF-00072', 'derived', 5),
	('OBS-00266', 'SOLV-00005', 'HANSEN_P', 19.500000, '%', NULL, 'REF-00072', 'derived', 5),
	('OBS-00267', 'SOLV-00005', 'HANSEN_H', 38.000000, '%', NULL, 'REF-00072', 'derived', 5),
	('OBS-00268', 'SOLV-00006', 'HANSEN_D', 48.500000, '%', NULL, 'REF-00072', 'derived', 5),
	('OBS-00269', 'SOLV-00006', 'HANSEN_P', 14.300000, '%', NULL, 'REF-00072', 'derived', 5),
	('OBS-00270', 'SOLV-00006', 'HANSEN_H', 37.200000, '%', NULL, 'REF-00072', 'derived', 5),
	('OBS-00271', 'SOLV-00007', 'HANSEN_D', 67.000000, '%', NULL, 'REF-00072', 'derived', 5),
	('OBS-00272', 'SOLV-00007', 'HANSEN_P', 11.600000, '%', NULL, 'REF-00072', 'derived', 5),
	('OBS-00273', 'SOLV-00007', 'HANSEN_H', 21.400000, '%', NULL, 'REF-00072', 'derived', 5),
	('OBS-00274', 'SOLV-00008', 'HANSEN_D', 98.800000, '%', NULL, 'REF-00072', 'derived', 5),
	('OBS-00275', 'SOLV-00008', 'HANSEN_P', 0.000000, '%', NULL, 'REF-00072', 'derived', 5),
	('OBS-00276', 'SOLV-00008', 'HANSEN_H', 1.200000, '%', NULL, 'REF-00072', 'derived', 5),
	('OBS-00277', 'SOLV-00009', 'HANSEN_D', 62.000000, '%', NULL, 'REF-00072', 'derived', 5),
	('OBS-00278', 'SOLV-00009', 'HANSEN_P', 29.200000, '%', NULL, 'REF-00072', 'derived', 5),
	('OBS-00279', 'SOLV-00009', 'HANSEN_H', 8.800000, '%', NULL, 'REF-00072', 'derived', 5),
	('OBS-00280', 'SOLV-00010', 'HANSEN_D', 39.600000, '%', NULL, 'REF-00072', 'derived', 5),
	('OBS-00281', 'SOLV-00010', 'HANSEN_P', 20.500000, '%', NULL, 'REF-00072', 'derived', 5),
	('OBS-00282', 'SOLV-00010', 'HANSEN_H', 39.900000, '%', NULL, 'REF-00072', 'derived', 5),
	('OBS-00283', 'SOLV-00011', 'HANSEN_D', 65.800000, '%', NULL, 'REF-00072', 'derived', 5),
	('OBS-00284', 'SOLV-00011', 'HANSEN_P', 27.000000, '%', NULL, 'REF-00072', 'derived', 5),
	('OBS-00285', 'SOLV-00011', 'HANSEN_H', 7.200000, '%', NULL, 'REF-00072', 'derived', 5),
	('OBS-00286', 'SOLV-00012', 'HANSEN_D', 40.400000, '%', NULL, 'REF-00072', 'derived', 5),
	('OBS-00287', 'SOLV-00012', 'HANSEN_P', 31.800000, '%', NULL, 'REF-00072', 'derived', 5),
	('OBS-00288', 'SOLV-00012', 'HANSEN_H', 27.800000, '%', NULL, 'REF-00072', 'derived', 5),
	('OBS-00289', 'SOLV-00013', 'HANSEN_D', 37.200000, '%', NULL, 'REF-00072', 'derived', 5),
	('OBS-00290', 'SOLV-00013', 'HANSEN_P', 20.700000, '%', NULL, 'REF-00072', 'derived', 5),
	('OBS-00291', 'SOLV-00013', 'HANSEN_H', 42.100000, '%', NULL, 'REF-00072', 'derived', 5),
	('OBS-00292', 'SOLV-00014', 'HANSEN_D', 54.000000, '%', NULL, 'REF-00072', 'derived', 5),
	('OBS-00293', 'SOLV-00014', 'HANSEN_P', 18.000000, '%', NULL, 'REF-00072', 'derived', 5),
	('OBS-00294', 'SOLV-00014', 'HANSEN_H', 28.000000, '%', NULL, 'REF-00072', 'derived', 5),
	('OBS-00295', 'SOLV-00015', 'HANSEN_D', 100.000000, '%', NULL, 'REF-00072', 'derived', 5),
	('OBS-00296', 'SOLV-00015', 'HANSEN_P', 0.000000, '%', NULL, 'REF-00072', 'derived', 5),
	('OBS-00297', 'SOLV-00015', 'HANSEN_H', 0.000000, '%', NULL, 'REF-00072', 'derived', 5),
	('OBS-00298', 'SOLV-00016', 'HANSEN_D', 100.000000, '%', NULL, 'REF-00072', 'derived', 5),
	('OBS-00299', 'SOLV-00016', 'HANSEN_P', 0.000000, '%', NULL, 'REF-00072', 'derived', 5),
	('OBS-00300', 'SOLV-00016', 'HANSEN_H', 0.000000, '%', NULL, 'REF-00072', 'derived', 5),
	('OBS-00301', 'SOLV-00017', 'HANSEN_D', 68.100000, '%', NULL, 'REF-00072', 'derived', 5),
	('OBS-00302', 'SOLV-00017', 'HANSEN_P', 13.800000, '%', NULL, 'REF-00072', 'derived', 5),
	('OBS-00303', 'SOLV-00017', 'HANSEN_H', 18.100000, '%', NULL, 'REF-00072', 'derived', 5),
	('OBS-00304', 'SOLV-00018', 'HANSEN_D', 40.300000, '%', NULL, 'REF-00072', 'derived', 5),
	('OBS-00305', 'SOLV-00018', 'HANSEN_P', 16.700000, '%', NULL, 'REF-00072', 'derived', 5),
	('OBS-00306', 'SOLV-00018', 'HANSEN_H', 43.000000, '%', NULL, 'REF-00072', 'derived', 5),
	('OBS-00307', 'SOLV-00019', 'HANSEN_D', 33.400000, '%', NULL, 'REF-00072', 'derived', 5),
	('OBS-00308', 'SOLV-00019', 'HANSEN_P', 27.900000, '%', NULL, 'REF-00072', 'derived', 5),
	('OBS-00309', 'SOLV-00019', 'HANSEN_H', 38.700000, '%', NULL, 'REF-00072', 'derived', 5),
	('OBS-00310', 'SOLV-00020', 'HANSEN_D', 50.400000, '%', NULL, 'REF-00072', 'derived', 5);


--
-- Data for Name: pcode_group; Type: TABLE DATA; Schema: public; Owner: postgres
--

INSERT INTO "public"."pcode_group" ("group_id", "group_name", "description") VALUES
	('GRP-00001', 'P370+P380', 'In case of fire: Evacuate area.'),
	('GRP-00002', 'P410+P412', 'Protect from sunlight. Do no expose to temperatures exceeding 50 celcius degrees.'),
	('GRP-00003', 'P303+P361+P353', 'IF ON SKIN (or hair): Remove/Take off immediately all contaminated clothing. Rinse skin with water/shower.'),
	('GRP-00004', 'P370+P378', 'In case of fire: Use ... for extinction.'),
	('GRP-00005', 'P370+P378+P380+P375', 'In case of fire: Evacuate area. Fight fire remotely due to the risk of explosion. [Use...to extinguish].'),
	('GRP-00006', 'P403+P235', 'Protect from sunlight. Store in a well-ventilated place.'),
	('GRP-00007', 'P302+P334', 'IF ON SKIN: Immerse in cool water/wrap in wet bandages.'),
	('GRP-00008', 'P335+P334', 'Brush off loose particles from skin. Immerse in cool water/wrap in wet bandages.'),
	('GRP-00009', 'P402+P404', 'Group of related P-codes'),
	('GRP-00010', 'P306+P360', 'IF ON CLOTHING: rinse immediately contaminated clothing and skin with plenty of water before removing clothes.'),
	('GRP-00011', 'P371+P380+P375', 'In case of major fire and large quantities: Evacuate area. Fight fire remotely due to the risk of explosion'),
	('GRP-00012', 'P308+P313', 'IF exposed or concerned: Get medical advice/attention.'),
	('GRP-00013', 'P301+P310', 'IF SWALLOWED: Immediately call a POISON CENTER or doctor/physician.'),
	('GRP-00014', 'P302+P352', 'IF ON SKIN: Wash with plenty of soap and water.'),
	('GRP-00015', 'P304+P340', 'IF INHALED: Remove victim to fresh air and keep at rest in a position comfortable for breathing.'),
	('GRP-00016', 'P305+P351+P338', 'IF IN EYES: Rinse cautiously with water for several minutes. Remove contact lenses, if present and easy to do. Continue rinsing.');


--
-- Data for Name: pcode_group_map; Type: TABLE DATA; Schema: public; Owner: postgres
--

INSERT INTO "public"."pcode_group_map" ("group_id", "p_code_id") VALUES
	('GRP-00001', 'PCODE-00042'),
	('GRP-00001', 'PCODE-00043'),
	('GRP-00002', 'PCODE-00044'),
	('GRP-00002', 'PCODE-00045'),
	('GRP-00003', 'PCODE-00041'),
	('GRP-00003', 'PCODE-00033'),
	('GRP-00003', 'PCODE-00046'),
	('GRP-00004', 'PCODE-00042'),
	('GRP-00004', 'PCODE-00047'),
	('GRP-00005', 'PCODE-00042'),
	('GRP-00005', 'PCODE-00047'),
	('GRP-00005', 'PCODE-00043'),
	('GRP-00005', 'PCODE-00048'),
	('GRP-00006', 'PCODE-00037'),
	('GRP-00006', 'PCODE-00049'),
	('GRP-00007', 'PCODE-00014'),
	('GRP-00007', 'PCODE-00050'),
	('GRP-00008', 'PCODE-00035'),
	('GRP-00008', 'PCODE-00050'),
	('GRP-00009', 'PCODE-00051'),
	('GRP-00009', 'PCODE-00052'),
	('GRP-00010', 'PCODE-00053'),
	('GRP-00010', 'PCODE-00054'),
	('GRP-00011', 'PCODE-00055'),
	('GRP-00011', 'PCODE-00043'),
	('GRP-00011', 'PCODE-00048'),
	('GRP-00012', 'PCODE-00018'),
	('GRP-00012', 'PCODE-00024'),
	('GRP-00013', 'PCODE-00013'),
	('GRP-00013', 'PCODE-00019'),
	('GRP-00014', 'PCODE-00014'),
	('GRP-00014', 'PCODE-00032'),
	('GRP-00015', 'PCODE-00015'),
	('GRP-00015', 'PCODE-00030'),
	('GRP-00016', 'PCODE-00016'),
	('GRP-00016', 'PCODE-00031'),
	('GRP-00016', 'PCODE-00029');


--
-- Data for Name: solvent_formula; Type: TABLE DATA; Schema: public; Owner: postgres
--

INSERT INTO "public"."solvent_formula" ("solvent_id", "formula_id", "fraction") VALUES
	('SOLV-00001', 'FORM-00001', 1.0),
	('SOLV-00002', 'FORM-00002', 1.0),
	('SOLV-00003', 'FORM-00003', 1.0),
	('SOLV-00004', 'FORM-00004', 1.0),
	('SOLV-00005', 'FORM-00005', 1.0),
	('SOLV-00006', 'FORM-00006', 1.0),
	('SOLV-00007', 'FORM-00007', 1.0),
	('SOLV-00008', 'FORM-00008', 1.0),
	('SOLV-00009', 'FORM-00009', 1.0),
	('SOLV-00010', 'FORM-00010', 1.0),
	('SOLV-00011', 'FORM-00011', 1.0),
	('SOLV-00012', 'FORM-00012', 1.0),
	('SOLV-00013', 'FORM-00013', 1.0),
	('SOLV-00014', 'FORM-00014', 1.0),
	('SOLV-00015', 'FORM-00015', 1.0),
	('SOLV-00016', 'FORM-00016', 1.0),
	('SOLV-00017', 'FORM-00017', 1.0),
	('SOLV-00018', 'FORM-00018', 1.0),
	('SOLV-00019', 'FORM-00019', 1.0),
	('SOLV-00020', 'FORM-00020', 1.0),
	('SOLV-00021', 'FORM-00021', 1.0),
	('SOLV-00022', 'FORM-00022', 1.0),
	('SOLV-00023', 'FORM-00023', 1.0),
	('SOLV-00024', 'FORM-00024', 1.0),
	('SOLV-00025', 'FORM-00025', 1.0),
	('SOLV-00026', 'FORM-00026', 1.0),
	('SOLV-00027', 'FORM-00027', 1.0),
	('SOLV-00028', 'FORM-00028', 1.0),
	('SOLV-00029', 'FORM-00029', 1.0),
	('SOLV-00030', 'FORM-00030', 1.0),
	('SOLV-00031', 'FORM-00031', 1.0),
	('SOLV-00032', 'FORM-00032', 1.0),
	('SOLV-00033', 'FORM-00033', 1.0);


--
-- Data for Name: solvent_hazard; Type: TABLE DATA; Schema: public; Owner: postgres
--

INSERT INTO "public"."solvent_hazard" ("solvent_id", "hazard_id") VALUES
	('SOLV-00001', 'HAZ-00053'),
	('SOLV-00001', 'HAZ-00045'),
	('SOLV-00001', 'HAZ-00012'),
	('SOLV-00002', 'HAZ-00070'),
	('SOLV-00002', 'HAZ-00064'),
	('SOLV-00002', 'HAZ-00056'),
	('SOLV-00002', 'HAZ-00054'),
	('SOLV-00002', 'HAZ-00045'),
	('SOLV-00002', 'HAZ-00041'),
	('SOLV-00002', 'HAZ-00034'),
	('SOLV-00002', 'HAZ-00012'),
	('SOLV-00003', 'HAZ-00045'),
	('SOLV-00003', 'HAZ-00043'),
	('SOLV-00003', 'HAZ-00049'),
	('SOLV-00003', 'HAZ-00032'),
	('SOLV-00004', 'HAZ-00049'),
	('SOLV-00004', 'HAZ-00045'),
	('SOLV-00004', 'HAZ-00043'),
	('SOLV-00004', 'HAZ-00032'),
	('SOLV-00005', 'HAZ-00058'),
	('SOLV-00005', 'HAZ-00048'),
	('SOLV-00005', 'HAZ-00032'),
	('SOLV-00005', 'HAZ-00013'),
	('SOLV-00006', 'HAZ-00058'),
	('SOLV-00006', 'HAZ-00049'),
	('SOLV-00006', 'HAZ-00038'),
	('SOLV-00006', 'HAZ-00032'),
	('SOLV-00006', 'HAZ-00013'),
	('SOLV-00007', 'HAZ-00064'),
	('SOLV-00007', 'HAZ-00059'),
	('SOLV-00007', 'HAZ-00057'),
	('SOLV-00007', 'HAZ-00053'),
	('SOLV-00007', 'HAZ-00048'),
	('SOLV-00007', 'HAZ-00045'),
	('SOLV-00007', 'HAZ-00041'),
	('SOLV-00007', 'HAZ-00032'),
	('SOLV-00008', 'HAZ-00068'),
	('SOLV-00008', 'HAZ-00053'),
	('SOLV-00008', 'HAZ-00041'),
	('SOLV-00008', 'HAZ-00034'),
	('SOLV-00008', 'HAZ-00012'),
	('SOLV-00009', 'HAZ-00052'),
	('SOLV-00009', 'HAZ-00044'),
	('SOLV-00009', 'HAZ-00041'),
	('SOLV-00009', 'HAZ-00049'),
	('SOLV-00009', 'HAZ-00038'),
	('SOLV-00009', 'HAZ-00032'),
	('SOLV-00009', 'HAZ-00013'),
	('SOLV-00010', 'HAZ-00059'),
	('SOLV-00010', 'HAZ-00052'),
	('SOLV-00010', 'HAZ-00045'),
	('SOLV-00010', 'HAZ-00013'),
	('SOLV-00011', 'HAZ-00034'),
	('SOLV-00011', 'HAZ-00052'),
	('SOLV-00011', 'HAZ-00056'),
	('SOLV-00011', 'HAZ-00045'),
	('SOLV-00011', 'HAZ-00041'),
	('SOLV-00011', 'HAZ-00048'),
	('SOLV-00011', 'HAZ-00032'),
	('SOLV-00011', 'HAZ-00012'),
	('SOLV-00012', 'HAZ-00058'),
	('SOLV-00012', 'HAZ-00045'),
	('SOLV-00012', 'HAZ-00049'),
	('SOLV-00012', 'HAZ-00038'),
	('SOLV-00012', 'HAZ-00013'),
	('SOLV-00013', 'HAZ-00045'),
	('SOLV-00013', 'HAZ-00012'),
	('SOLV-00014', 'HAZ-00053'),
	('SOLV-00014', 'HAZ-00045'),
	('SOLV-00014', 'HAZ-00012'),
	('SOLV-00015', 'HAZ-00068'),
	('SOLV-00015', 'HAZ-00065'),
	('SOLV-00015', 'HAZ-00053'),
	('SOLV-00015', 'HAZ-00041'),
	('SOLV-00015', 'HAZ-00034'),
	('SOLV-00015', 'HAZ-00012'),
	('SOLV-00016', 'HAZ-00071'),
	('SOLV-00016', 'HAZ-00064'),
	('SOLV-00016', 'HAZ-00059'),
	('SOLV-00016', 'HAZ-00053'),
	('SOLV-00016', 'HAZ-00041'),
	('SOLV-00016', 'HAZ-00034'),
	('SOLV-00016', 'HAZ-00012'),
	('SOLV-00017', 'HAZ-00013'),
	('SOLV-00018', 'HAZ-00053'),
	('SOLV-00018', 'HAZ-00045'),
	('SOLV-00018', 'HAZ-00012'),
	('SOLV-00019', 'HAZ-00061'),
	('SOLV-00019', 'HAZ-00048'),
	('SOLV-00019', 'HAZ-00037'),
	('SOLV-00019', 'HAZ-00031'),
	('SOLV-00019', 'HAZ-00012'),
	('SOLV-00020', 'HAZ-00057'),
	('SOLV-00020', 'HAZ-00053'),
	('SOLV-00020', 'HAZ-00049'),
	('SOLV-00020', 'HAZ-00045'),
	('SOLV-00020', 'HAZ-00012'),
	('SOLV-00021', 'HAZ-00057'),
	('SOLV-00021', 'HAZ-00053'),
	('SOLV-00021', 'HAZ-00045'),
	('SOLV-00021', 'HAZ-00041'),
	('SOLV-00022', 'HAZ-00053'),
	('SOLV-00022', 'HAZ-00045'),
	('SOLV-00022', 'HAZ-00012'),
	('SOLV-00023', 'HAZ-00071'),
	('SOLV-00023', 'HAZ-00053'),
	('SOLV-00023', 'HAZ-00045'),
	('SOLV-00023', 'HAZ-00041'),
	('SOLV-00023', 'HAZ-00034'),
	('SOLV-00023', 'HAZ-00013'),
	('SOLV-00024', 'HAZ-00068'),
	('SOLV-00024', 'HAZ-00053'),
	('SOLV-00024', 'HAZ-00041'),
	('SOLV-00024', 'HAZ-00034'),
	('SOLV-00024', 'HAZ-00012'),
	('SOLV-00025', 'HAZ-00053'),
	('SOLV-00025', 'HAZ-00044'),
	('SOLV-00025', 'HAZ-00012'),
	('SOLV-00026', 'HAZ-00049'),
	('SOLV-00026', 'HAZ-00045'),
	('SOLV-00026', 'HAZ-00041'),
	('SOLV-00026', 'HAZ-00038'),
	('SOLV-00026', 'HAZ-00032'),
	('SOLV-00026', 'HAZ-00012'),
	('SOLV-00027', 'HAZ-00057'),
	('SOLV-00027', 'HAZ-00053'),
	('SOLV-00027', 'HAZ-00052'),
	('SOLV-00027', 'HAZ-00045'),
	('SOLV-00027', 'HAZ-00032'),
	('SOLV-00027', 'HAZ-00012'),
	('SOLV-00028', 'HAZ-00070'),
	('SOLV-00028', 'HAZ-00064'),
	('SOLV-00028', 'HAZ-00059'),
	('SOLV-00028', 'HAZ-00053'),
	('SOLV-00028', 'HAZ-00041'),
	('SOLV-00028', 'HAZ-00034'),
	('SOLV-00028', 'HAZ-00012'),
	('SOLV-00029', 'HAZ-00072'),
	('SOLV-00029', 'HAZ-00067'),
	('SOLV-00029', 'HAZ-00056'),
	('SOLV-00029', 'HAZ-00049'),
	('SOLV-00030', 'HAZ-00071'),
	('SOLV-00030', 'HAZ-00064'),
	('SOLV-00030', 'HAZ-00059'),
	('SOLV-00030', 'HAZ-00052'),
	('SOLV-00030', 'HAZ-00045'),
	('SOLV-00030', 'HAZ-00042'),
	('SOLV-00030', 'HAZ-00034'),
	('SOLV-00030', 'HAZ-00013'),
	('SOLV-00031', 'HAZ-00071'),
	('SOLV-00031', 'HAZ-00053'),
	('SOLV-00031', 'HAZ-00041'),
	('SOLV-00031', 'HAZ-00034'),
	('SOLV-00031', 'HAZ-00012'),
	('SOLV-00032', 'HAZ-00000');


--
-- Data for Name: solvent_reference; Type: TABLE DATA; Schema: public; Owner: postgres
--

INSERT INTO "public"."solvent_reference" ("solvent_id", "reference_id") VALUES
	('SOLV-00001', 'REF-00001'),
	('SOLV-00001', 'REF-00002'),
	('SOLV-00001', 'REF-00003'),
	('SOLV-00002', 'REF-00001'),
	('SOLV-00002', 'REF-00002'),
	('SOLV-00002', 'REF-00003'),
	('SOLV-00003', 'REF-00001'),
	('SOLV-00003', 'REF-00002'),
	('SOLV-00003', 'REF-00003'),
	('SOLV-00004', 'REF-00001'),
	('SOLV-00004', 'REF-00002'),
	('SOLV-00004', 'REF-00003'),
	('SOLV-00005', 'REF-00001'),
	('SOLV-00005', 'REF-00002'),
	('SOLV-00005', 'REF-00003'),
	('SOLV-00006', 'REF-00001'),
	('SOLV-00006', 'REF-00003'),
	('SOLV-00007', 'REF-00001'),
	('SOLV-00007', 'REF-00002'),
	('SOLV-00007', 'REF-00003'),
	('SOLV-00008', 'REF-00001'),
	('SOLV-00008', 'REF-00002'),
	('SOLV-00008', 'REF-00003'),
	('SOLV-00009', 'REF-00001'),
	('SOLV-00009', 'REF-00002'),
	('SOLV-00009', 'REF-00003'),
	('SOLV-00010', 'REF-00001'),
	('SOLV-00010', 'REF-00002'),
	('SOLV-00010', 'REF-00003'),
	('SOLV-00011', 'REF-00001'),
	('SOLV-00011', 'REF-00003'),
	('SOLV-00012', 'REF-00001'),
	('SOLV-00012', 'REF-00002'),
	('SOLV-00013', 'REF-00001'),
	('SOLV-00013', 'REF-00002'),
	('SOLV-00013', 'REF-00003'),
	('SOLV-00014', 'REF-00001'),
	('SOLV-00014', 'REF-00002'),
	('SOLV-00014', 'REF-00003'),
	('SOLV-00015', 'REF-00001'),
	('SOLV-00015', 'REF-00002'),
	('SOLV-00015', 'REF-00003'),
	('SOLV-00016', 'REF-00001'),
	('SOLV-00016', 'REF-00002'),
	('SOLV-00016', 'REF-00003'),
	('SOLV-00017', 'REF-00002'),
	('SOLV-00018', 'REF-00001'),
	('SOLV-00018', 'REF-00002'),
	('SOLV-00018', 'REF-00003'),
	('SOLV-00019', 'REF-00001'),
	('SOLV-00019', 'REF-00002'),
	('SOLV-00019', 'REF-00003'),
	('SOLV-00020', 'REF-00001'),
	('SOLV-00020', 'REF-00002'),
	('SOLV-00020', 'REF-00003'),
	('SOLV-00021', 'REF-00001'),
	('SOLV-00021', 'REF-00002'),
	('SOLV-00021', 'REF-00003'),
	('SOLV-00022', 'REF-00001'),
	('SOLV-00022', 'REF-00002'),
	('SOLV-00022', 'REF-00003'),
	('SOLV-00023', 'REF-00001'),
	('SOLV-00024', 'REF-00001'),
	('SOLV-00025', 'REF-00001'),
	('SOLV-00025', 'REF-00002'),
	('SOLV-00025', 'REF-00003'),
	('SOLV-00026', 'REF-00001'),
	('SOLV-00026', 'REF-00002'),
	('SOLV-00026', 'REF-00003'),
	('SOLV-00027', 'REF-00001'),
	('SOLV-00027', 'REF-00002'),
	('SOLV-00027', 'REF-00003'),
	('SOLV-00028', 'REF-00001'),
	('SOLV-00028', 'REF-00002'),
	('SOLV-00028', 'REF-00003'),
	('SOLV-00029', 'REF-00001'),
	('SOLV-00030', 'REF-00001'),
	('SOLV-00031', 'REF-00001'),
	('SOLV-00032', 'REF-00001'),
	('SOLV-00032', 'REF-00002'),
	('SOLV-00032', 'REF-00003'),
	('SOLV-00033', 'REF-00001'),
	('SOLV-00001', 'REF-00004'),
	('SOLV-00002', 'REF-00004'),
	('SOLV-00003', 'REF-00006'),
	('SOLV-00004', 'REF-00007'),
	('SOLV-00005', 'REF-00008'),
	('SOLV-00006', 'REF-00009'),
	('SOLV-00007', 'REF-00010'),
	('SOLV-00008', 'REF-00011'),
	('SOLV-00009', 'REF-00012'),
	('SOLV-00010', 'REF-00013'),
	('SOLV-00011', 'REF-00014'),
	('SOLV-00012', 'REF-00015'),
	('SOLV-00013', 'REF-00016'),
	('SOLV-00014', 'REF-00017'),
	('SOLV-00015', 'REF-00018'),
	('SOLV-00016', 'REF-00019'),
	('SOLV-00017', 'REF-00020'),
	('SOLV-00018', 'REF-00021'),
	('SOLV-00019', 'REF-00022'),
	('SOLV-00020', 'REF-00023'),
	('SOLV-00021', 'REF-00024'),
	('SOLV-00022', 'REF-00025'),
	('SOLV-00023', 'REF-00026'),
	('SOLV-00024', 'REF-00027'),
	('SOLV-00025', 'REF-00028'),
	('SOLV-00026', 'REF-00029'),
	('SOLV-00027', 'REF-00030'),
	('SOLV-00028', 'REF-00031'),
	('SOLV-00029', 'REF-00032'),
	('SOLV-00030', 'REF-00033'),
	('SOLV-00031', 'REF-00034'),
	('SOLV-00032', 'REF-00035'),
	('SOLV-00033', 'REF-00036'),
	('SOLV-00033', 'REF-00037'),
	('SOLV-00033', 'REF-00038'),
	('SOLV-00001', 'REF-00039'),
	('SOLV-00002', 'REF-00040'),
	('SOLV-00003', 'REF-00041'),
	('SOLV-00004', 'REF-00042'),
	('SOLV-00005', 'REF-00043'),
	('SOLV-00006', 'REF-00044'),
	('SOLV-00007', 'REF-00045'),
	('SOLV-00008', 'REF-00046'),
	('SOLV-00009', 'REF-00047'),
	('SOLV-00010', 'REF-00048'),
	('SOLV-00011', 'REF-00049'),
	('SOLV-00012', 'REF-00050'),
	('SOLV-00013', 'REF-00051'),
	('SOLV-00014', 'REF-00052'),
	('SOLV-00015', 'REF-00053'),
	('SOLV-00016', 'REF-00054'),
	('SOLV-00017', 'REF-00055'),
	('SOLV-00018', 'REF-00056'),
	('SOLV-00019', 'REF-00057'),
	('SOLV-00020', 'REF-00058'),
	('SOLV-00021', 'REF-00059'),
	('SOLV-00022', 'REF-00060'),
	('SOLV-00023', 'REF-00061'),
	('SOLV-00024', 'REF-00062'),
	('SOLV-00025', 'REF-00063'),
	('SOLV-00026', 'REF-00064'),
	('SOLV-00027', 'REF-00065'),
	('SOLV-00028', 'REF-00066'),
	('SOLV-00029', 'REF-00067'),
	('SOLV-00030', 'REF-00068'),
	('SOLV-00031', 'REF-00069'),
	('SOLV-00032', 'REF-00070'),
	('SOLV-00033', 'REF-00071'),
	('SOLV-00001', 'REF-00072'),
	('SOLV-00002', 'REF-00072'),
	('SOLV-00003', 'REF-00072'),
	('SOLV-00004', 'REF-00072'),
	('SOLV-00005', 'REF-00072'),
	('SOLV-00006', 'REF-00072'),
	('SOLV-00007', 'REF-00072'),
	('SOLV-00008', 'REF-00072'),
	('SOLV-00009', 'REF-00072'),
	('SOLV-00010', 'REF-00072'),
	('SOLV-00011', 'REF-00072'),
	('SOLV-00012', 'REF-00072'),
	('SOLV-00013', 'REF-00072'),
	('SOLV-00014', 'REF-00072'),
	('SOLV-00015', 'REF-00072'),
	('SOLV-00016', 'REF-00072'),
	('SOLV-00017', 'REF-00072'),
	('SOLV-00018', 'REF-00072'),
	('SOLV-00019', 'REF-00072'),
	('SOLV-00020', 'REF-00072'),
	('SOLV-00021', 'REF-00072'),
	('SOLV-00022', 'REF-00072'),
	('SOLV-00024', 'REF-00072'),
	('SOLV-00025', 'REF-00072'),
	('SOLV-00026', 'REF-00072'),
	('SOLV-00027', 'REF-00072'),
	('SOLV-00028', 'REF-00072'),
	('SOLV-00029', 'REF-00072'),
	('SOLV-00032', 'REF-00072'),
	('SOLV-00033', 'REF-00072');


--
-- Data for Name: buckets; Type: TABLE DATA; Schema: storage; Owner: supabase_storage_admin
--



--
-- Data for Name: buckets_analytics; Type: TABLE DATA; Schema: storage; Owner: supabase_storage_admin
--



--
-- Data for Name: buckets_vectors; Type: TABLE DATA; Schema: storage; Owner: supabase_storage_admin
--



--
-- Data for Name: objects; Type: TABLE DATA; Schema: storage; Owner: supabase_storage_admin
--



--
-- Data for Name: s3_multipart_uploads; Type: TABLE DATA; Schema: storage; Owner: supabase_storage_admin
--



--
-- Data for Name: s3_multipart_uploads_parts; Type: TABLE DATA; Schema: storage; Owner: supabase_storage_admin
--



--
-- Data for Name: vector_indexes; Type: TABLE DATA; Schema: storage; Owner: supabase_storage_admin
--



--
-- Name: refresh_tokens_id_seq; Type: SEQUENCE SET; Schema: auth; Owner: supabase_auth_admin
--

SELECT pg_catalog.setval('"auth"."refresh_tokens_id_seq"', 1, false);


--
-- PostgreSQL database dump complete
--

-- \unrestrict SodLbsv3BGPaofdH1CT1kt2JLcKAeZHeYFSP3xnQ46YH3xarzKgIKmoVYCFsukq

RESET ALL;
